SMM4H2022yW4mXhmCE9gh1B7b	ADE	28	37	allergies
SMM4H2022afMxPjtHKyItF0n3	ADE	31	46	HURT YOUR Liver
SMM4H2022dc1lWHnZeBy441B8	ADE	48	50	AD
SMM4H2022dc1lWHnZeBy441B8	ADE	88	93	focus
SMM4H2022ExV2GXXaqhGjJNFM	ADE	11	15	died
SMM4H2022dZ7ZqyvGqxh0jKeH	ADE	40	44	died
SMM4H202221svYY3nNe8z5jdE	ADE	66	79	tendon damage
SMM4H2022TktK7f4NNPqLzVWl	ADE	26	32	dreams
SMM4H2022E8PLU8eznkYN0dlx	ADE	84	98	tendon rupture
SMM4H2022FxzK9r9cEII1gmaJ	ADE	101	111	withdrawal
SMM4H20222QPvF36FzxCLJe8l	ADE	13	27	emotional mess
SMM4H2022o9R8zCvDwlfSI87k	ADE	17	29	not remember
SMM4H2022o9R8zCvDwlfSI87k	ADE	84	96	memory lapse
SMM4H20224CdAz4uAODp4fESt	ADE	5	8	nap
SMM4H2022aJS4BaMKlXI0KeI5	ADE	71	82	psychedelic
SMM4H2022LsJR4tzc0A5eTQB4	ADE	94	100	mashed
SMM4H2022H46enMioMkbcxr0A	ADE	66	77	space cadet
SMM4H202247Y6GjkNElgjxDKM	ADE	38	51	illness worse
SMM4H202247Y6GjkNElgjxDKM	ADE	72	81	can't eat
SMM4H2022nAYZ3hTd7VxYMKZC	ADE	30	38	allergic
SMM4H2022pJ8eplYSKrDUKhBg	ADE	127	138	withdrawals
SMM4H2022VlNSwqfn2B6lekK9	ADE	41	47	hungry
SMM4H2022q1fnCS4S7ckk1qUv	ADE	104	114	joint pain
SMM4H2022uycEAFWkndlu2r3e	ADE	61	68	fistula
SMM4H2022uycEAFWkndlu2r3e	ADE	123	140	painful reactions
SMM4H2022LCONWDHIHZaerIEz	ADE	98	105	fatigue
SMM4H2022LCONWDHIHZaerIEz	ADE	113	117	achy
SMM4H20220Fn1PRrRkP70pjI5	ADE	112	119	fatigue
SMM4H20220Fn1PRrRkP70pjI5	ADE	127	131	achy
SMM4H2022XbBn71ec15IlmpA6	ADE	39	48	no immune
SMM4H2022Bi2Q3tParwQAMrQw	ADE	12	24	nerve damage
SMM4H2022Bi2Q3tParwQAMrQw	ADE	35	42	MS like
SMM4H20222nZuTHzcSXK4tHEI	ADE	89	93	pain
SMM4H20222nZuTHzcSXK4tHEI	ADE	98	106	weakness
SMM4H20222nZuTHzcSXK4tHEI	ADE	117	124	seizure
SMM4H2022WPMAm8luy2rAnnkt	ADE	52	58	rashes
SMM4H202223uXsizc5NBoDgvf	ADE	12	45	hair is... definitely falling out
SMM4H2022DZZGRzJU8WWUg9Fk	ADE	90	94	sick
SMM4H2022to1NDtQK9OtX5hbL	ADE	63	72	depressed
SMM4H20224RFxlkutkRb6Rr0v	ADE	36	45	addictive
SMM4H20224RFxlkutkRb6Rr0v	ADE	98	110	days of hell
SMM4H2022wM2cmNxhBwLShHOr	ADE	38	46	allergic
SMM4H2022zwCw5i9D4QwcpoJB	ADE	53	64	can't think
SMM4H2022zwCw5i9D4QwcpoJB	ADE	69	82	see) straight
SMM4H2022RpwkbQu6C4iXgfED	ADE	31	41	starvation
SMM4H2022TOpE89MiTeVZO5vc	ADE	27	43	increases hunger
SMM4H2022nT2Q2V7WhOgsnPtn	ADE	45	51	dreams
SMM4H2022T285CGUbAztuICzu	ADE	37	40	fat
SMM4H2022T285CGUbAztuICzu	ADE	83	93	hand shake
SMM4H2022txhtlGpbJiWfmpXF	ADE	110	125	stopped working
SMM4H2022mGz22Q36Ay7iZyFM	ADE	91	119	Getting out of bed is haaard
SMM4H2022XEeq5GabAipd8xoh	ADE	3	25	creativity was blocked
SMM4H2022b7AKevauj96s00f5	ADE	43	46	w/d
SMM4H2022uaeS5t9HRmRkv0HA	ADE	36	42	drowsy
SMM4H2022uaeS5t9HRmRkv0HA	ADE	43	47	haze
SMM4H2022Qo22ZzlKgHszxhmQ	ADE	64	74	brain zaps
SMM4H2022Qo22ZzlKgHszxhmQ	ADE	90	110	genitals aren't numb
SMM4H20220SEypP61C1BmCZC3	ADE	102	107	detox
SMM4H2022Oa6I8EtPkyDJd41n	ADE	24	37	facial spasms
SMM4H2022Oa6I8EtPkyDJd41n	ADE	68	71	eye
SMM4H2022NI5d1UHevv5Gy02R	ADE	51	56	awake
SMM4H2022QAxE14vIZVwsF3QR	ADE	17	26	out of it
SMM4H2022QAxE14vIZVwsF3QR	ADE	47	56	doping up
SMM4H2022D8UrISRBTtsFUR7I	ADE	0	7	-9.5lbs
SMM4H20227Rn12JLGfr7YzqFT	ADE	107	132	horrid intrusive thoughts
SMM4H20222xKrdNCWviBUA9Iy	ADE	71	79	allergic
SMM4H2022benpjPl9VmEGvKI9	ADE	25	30	sleep
SMM4H2022yO9PYUGtKH9L26Qa	ADE	123	136	hallucinating
SMM4H20228boNxgDfjPD6Ck9v	ADE	89	98	dry mouth
SMM4H2022CGCQVPPRqdgWYdT0	ADE	116	138	20 hours a day, asleep
SMM4H2022K1pBLeXqKK6c9Kea	ADE	55	71	prolactin levels
SMM4H2022K1pBLeXqKK6c9Kea	ADE	83	98	boobs humungous
SMM4H2022QDw0RUIGiiSF06Si	ADE	57	75	knee still painful
SMM4H2022QDw0RUIGiiSF06Si	ADE	77	86	Back ache
SMM4H2022mJE7B68NciZl6Ec3	ADE	32	47	Lower back ache
SMM4H2022mJE7B68NciZl6Ec3	ADE	49	58	neck ache
SMM4H2022mJE7B68NciZl6Ec3	ADE	60	64	hips
SMM4H2022mJE7B68NciZl6Ec3	ADE	69	79	knees ache
SMM4H2022mJE7B68NciZl6Ec3	ADE	81	96	short of breath
SMM4H2022ztEzLQkm4v7rc5Xy	ADE	42	50	backache
SMM4H2022fE3HMexQbOOyry9r	ADE	26	49	muscle &amp; back pains
SMM4H2022fE3HMexQbOOyry9r	ADE	39	49	back pains
SMM4H2022D8p9FUdZH4VNqDvl	ADE	109	124	not remembering
SMM4H2022qeMxbvH69elnrSxO	ADE	81	91	drowsiness
SMM4H2022bf8sD2fJDMAUkHoQ	ADE	34	78	sleep on my own. but i got at least 16 hours
SMM4H2022VCgadl0A1WwurEKR	ADE	67	80	sugar crashes
SMM4H2022VCgadl0A1WwurEKR	ADE	107	115	feel ill
SMM4H2022OHXhXMEFXXeB5ckX	ADE	61	74	won't wake up
SMM4H2022EHC8K4XsHVygHMUn	ADE	9	21	not remember
SMM4H2022LLbPKQqYcsYyYceo	ADE	91	126	feels like I have raw nerve endings
SMM4H2022dWRKt5ZNZcqhL3og	ADE	88	115	sleep for 12 straight hours
SMM4H2022BeKCxEcFC6g1Yf7S	ADE	84	104	urge to procure food
SMM4H2022OMnjRitKpo8qpeNJ	ADE	92	102	dependence
SMM4H2022VWLdzAhteSRi8nTA	ADE	50	56	asleep
SMM4H2022ucQBccE7i5PwWhb1	ADE	36	59	knocked me the fuck out
SMM4H2022BH7beYzUpJkRyFpx	ADE	34	38	high
SMM4H2022BH7beYzUpJkRyFpx	ADE	77	82	drunk
SMM4H2022eIJ54Zcr9Nca3JD7	ADE	104	113	tolerance
SMM4H20223J3KkZVhEMca3bYB	ADE	28	42	sleep schedule
SMM4H2022dulneTTVNOwSbAPl	ADE	77	111	felt like I.had a frontal lobotomy
SMM4H2022Uh7y5V22RVHTsXlc	ADE	58	62	sick
SMM4H2022Uh7y5V22RVHTsXlc	ADE	64	76	couldnt move
SMM4H2022Uh7y5V22RVHTsXlc	ADE	89	97	migraine
SMM4H2022Uh7y5V22RVHTsXlc	ADE	99	103	puke
SMM4H2022Uh7y5V22RVHTsXlc	ADE	105	111	shakes
SMM4H2022iKOb7fTQc87fxthS	ADE	49	59	nightmares
SMM4H2022iKOb7fTQc87fxthS	ADE	76	84	insomnia
SMM4H2022EgnWPzzeZU2KWyKc	ADE	16	21	tired
SMM4H2022EgnWPzzeZU2KWyKc	ADE	75	97	no freaking motivation
SMM4H2022EgnWPzzeZU2KWyKc	ADE	101	107	energy
SMM4H20224b4uMAJCbrZyURvB	ADE	9	14	sleep
SMM4H20224b4uMAJCbrZyURvB	ADE	32	37	tired
SMM4H20224b4uMAJCbrZyURvB	ADE	42	47	dizzy
SMM4H2022lJa05ogltSExO4Jd	ADE	52	58	drowsy
SMM4H2022lJa05ogltSExO4Jd	ADE	86	102	don't sleep well
SMM4H2022g8QKcmebPc1oDvt6	ADE	0	23	Feel crap every morning
SMM4H2022g8QKcmebPc1oDvt6	ADE	47	61	restless night
SMM4H2022Qk1JPnuWRE3B5g4A	ADE	80	93	carb cravings
SMM4H2022bkrj19PBcARmknPv	ADE	0	6	Dreamt
SMM4H2022bkrj19PBcARmknPv	ADE	96	102	dreams
SMM4H2022bkrj19PBcARmknPv	ADE	124	134	withdrawal
SMM4H2022SwS4YelEVMuklFb0	ADE	95	109	dreamt colours
SMM4H2022SwS4YelEVMuklFb0	ADE	114	134	lost my fucking mind
SMM4H2022o7kegQpkLFULWVX8	ADE	57	71	falling asleep
SMM4H2022RSKvAYDJl8dwaIuq	ADE	113	120	sickest
SMM4H2022WvedEsS1LDvasqyW	ADE	32	39	ZOMBIES
SMM4H2022jCqj2okGd5TN8OHm	ADE	78	103	eat because I just forget
SMM4H2022mbTDmWYLFo7sRtRK	ADE	19	24	hyper
SMM4H2022YuW8f8FaAmgQSVTd	ADE	27	46	Can't. Stop. Moving
SMM4H2022Oz4Ui95iikJ6A6ii	ADE	17	29	felt drugged
SMM4H2022CNijOKiujM889zKU	ADE	85	95	lose focus
SMM4H2022mw6oi18SKs3Efa2I	ADE	4	13	come down
SMM4H2022sxTvQVz54AtfAPk5	ADE	45	71	feel like crying but can't
SMM4H2022sxTvQVz54AtfAPk5	ADE	111	117	zombie
SMM4H2022GeA41Hjjzv1DS4lE	ADE	46	55	Lethargic
SMM4H2022GeA41Hjjzv1DS4lE	ADE	108	122	hot &amp; cold
SMM4H2022SGHHuKJriEkstZJb	ADE	26	32	hungry
SMM4H2022SGHHuKJriEkstZJb	ADE	53	75	want to eat my own arm
SMM4H2022E6s3ZSYAJmXlFOc0	ADE	106	137	parody of an actual human being
SMM4H20226IQoqqYKTmEUbM8A	ADE	13	26	try for sleep
SMM4H20226IQoqqYKTmEUbM8A	ADE	49	62	light bastard
SMM4H2022SViZRNF7h8tK7NJt	ADE	62	75	wiping me out
SMM4H2022SViZRNF7h8tK7NJt	ADE	104	118	can't function
SMM4H2022lGYAsqPsFh769cYN	ADE	38	73	feel like I am in a straight jacket
SMM4H2022lGYAsqPsFh769cYN	ADE	85	103	muscles feel stiff
SMM4H2022SLEqUomWLd15oEe1	ADE	18	30	light' sleep
SMM4H2022SLEqUomWLd15oEe1	ADE	32	40	Feel low
SMM4H2022SLEqUomWLd15oEe1	ADE	42	49	Subdued
SMM4H2022SLEqUomWLd15oEe1	ADE	51	54	Sad
SMM4H2022uKCKtFPRRhCxKquD	ADE	75	89	sleep problems
SMM4H2022p43TLs5lPY0L3PsP	ADE	87	101	tired daytimes
SMM4H202252dACVASDA9kdjfv	ADE	0	10	Over-eaten
SMM4H2022UQ0dETyqhj5QZBp8	ADE	58	69	interaction
SMM4H2022UQ0dETyqhj5QZBp8	ADE	120	125	dizzy
SMM4H2022crHrK2qNiPTkoa8l	ADE	120	126	sleepy
SMM4H2022Cos7EsH4952z381p	ADE	90	98	comatose
SMM4H2022em9D7vcTx57ysY1J	ADE	128	133	manic
SMM4H2022qfOgv9ifWEP76eKV	ADE	90	96	dreams
SMM4H2022UsugDFbDS0YHUztc	ADE	0	7	Tearful
SMM4H2022UsugDFbDS0YHUztc	ADE	34	51	poor nights sleep
SMM4H2022UsugDFbDS0YHUztc	ADE	74	85	withdrawing
SMM4H2022qBRUMmkAUYpgFJNU	ADE	0	17	Joints killing me
SMM4H2022qBRUMmkAUYpgFJNU	ADE	121	130	Knackered
SMM4H2022VrhzcNa9dG607KoK	ADE	100	108	addicted
SMM4H2022f8J69GmzgANwsntm	ADE	0	10	coming off
SMM4H2022f8J69GmzgANwsntm	ADE	47	53	nausea
SMM4H2022f8J69GmzgANwsntm	ADE	54	62	sickness
SMM4H2022f8J69GmzgANwsntm	ADE	63	75	hot and cold
SMM4H2022f8J69GmzgANwsntm	ADE	76	83	shivers
SMM4H2022f8J69GmzgANwsntm	ADE	84	93	twitching
SMM4H2022f8J69GmzgANwsntm	ADE	94	102	headache
SMM4H2022DMwDP4573ynJ0KAP	ADE	35	45	withdrawal
SMM4H2022fmdLiGScAG2h1uEu	ADE	67	73	zombie
SMM4H2022la9fA7fCchC09G4c	ADE	17	26	addictive
SMM4H2022la9fA7fCchC09G4c	ADE	34	58	discontinuation syndrome
SMM4H2022OyLm6aAxpCuGYbmc	ADE	77	81	high
SMM4H20228SQzH96Fh6VXXWTP	ADE	2	26	feel like a pile of shit
SMM4H20228SQzH96Fh6VXXWTP	ADE	28	32	sick
SMM4H20228SQzH96Fh6VXXWTP	ADE	34	38	cold
SMM4H20228SQzH96Fh6VXXWTP	ADE	40	56	stomach reacting
SMM4H2022ML2qpJC5MECRmBcO	ADE	0	5	Slept
SMM4H2022NsTYFsUdFWV9IRcJ	ADE	41	62	breastmilk production
SMM4H2022NsTYFsUdFWV9IRcJ	ADE	89	103	hallucinations
SMM4H2022IbJsyI5SxGYDmQ52	ADE	29	46	allergic reaction
SMM4H2022IbJsyI5SxGYDmQ52	ADE	92	96	rash
SMM4H2022Y6gaJk1bYGl9Ktck	ADE	19	23	burp
SMM4H2022Y6gaJk1bYGl9Ktck	ADE	33	46	want to ralph
SMM4H2022Zyx8aITw9XPTq2DX	ADE	71	77	Groggy
SMM4H2022Jnw3BLBdjuRfP7Fz	ADE	23	34	withdrawing
SMM4H20227KTjU7spXUHtHLC7	ADE	85	104	knocks me right out
SMM4H20227KTjU7spXUHtHLC7	ADE	109	129	won't let me wake up
SMM4H2022fYpI7flCVarhg45r	ADE	37	51	muscle tremors
SMM4H2022fYpI7flCVarhg45r	ADE	103	114	combination
SMM4H2022H4IsG7zJnBbjXjx3	ADE	42	53	withdrawals
SMM4H2022LCt1kA9OSmjjbXjA	ADE	71	80	withdraws
SMM4H2022eWdHWyjD58MGochf	ADE	134	138	sick
SMM4H2022jzz4sgK4lNUyl3mI	ADE	59	68	delirious
SMM4H2022jzz4sgK4lNUyl3mI	ADE	78	87	messed up
SMM4H2022xYKOrePtFK50BLeI	ADE	65	74	delirious
SMM4H2022peEFis1EK2zVGjtG	ADE	68	77	back pain
SMM4H2022peEFis1EK2zVGjtG	ADE	93	96	sad
SMM4H2022peEFis1EK2zVGjtG	ADE	101	121	crying for no reason
SMM4H2022peEFis1EK2zVGjtG	ADE	101	107	crying
SMM4H2022Fzb0wBdSzkULinux	ADE	33	41	allergic
SMM4H2022CG0C1XlqHdGFZt02	ADE	68	74	nausea
SMM4H2022CG0C1XlqHdGFZt02	ADE	96	107	hypotension
SMM4H2022oqTFIvPgMq2qNwno	ADE	69	78	biffiness
SMM4H202223DXQE58ZWouYbQU	ADE	111	134	sleep for fifteen hours
SMM4H2022RRPo6ukUpAn334nG	ADE	46	55	addictive
SMM4H2022RRPo6ukUpAn334nG	ADE	103	114	hands shake
SMM4H2022RRPo6ukUpAn334nG	ADE	129	139	brain zaps
SMM4H2022DSxYRwdHlt4CRXKV	ADE	75	86	parasthesia
SMM4H2022DSxYRwdHlt4CRXKV	ADE	75	86	parasthesia
SMM4H2022DSxYRwdHlt4CRXKV	ADE	88	106	cognitive problems
SMM4H2022DSxYRwdHlt4CRXKV	ADE	108	121	kidney stones
SMM4H202226aLT5ApjXCgax1i	ADE	122	130	migraine
SMM4H20223CWv2JEBnGz0Bai1	ADE	100	117	going though hell
SMM4H2022XgHR7owclVoPiV0E	ADE	81	94	put on weight
SMM4H2022XgHR7owclVoPiV0E	ADE	106	116	extra 20kg
SMM4H2022tikvSt13ECmbtlge	ADE	89	111	Coming off venlafaxine
SMM4H2022tikvSt13ECmbtlge	ADE	124	129	nasty
SMM4H2022MnDj4GvgNWdD8LDA	ADE	52	64	symptom free
SMM4H2022UsQOREUBkMZlbbta	ADE	13	28	wake up at 2:30
SMM4H2022UsQOREUBkMZlbbta	ADE	39	61	half your day sleeping
SMM4H2022zmHe1GV0O4mNTk1H	ADE	63	83	eyes are outta focus
SMM4H2022zmHe1GV0O4mNTk1H	ADE	92	111	can't walk straight
SMM4H2022BTPhZAHRwGfIDXHV	ADE	40	60	ruined my creativity
SMM4H2022BTPhZAHRwGfIDXHV	ADE	70	89	memory now is awful
SMM4H2022BTPhZAHRwGfIDXHV	ADE	70	76	memory
SMM4H2022OHvwxzXABnNPgNw4	ADE	42	51	revved up
SMM4H2022OHvwxzXABnNPgNw4	ADE	100	111	stupid head
SMM4H2022jfY4aDThAwMD1srm	ADE	86	93	bloated
SMM4H2022jfY4aDThAwMD1srm	ADE	119	148	heart was beating wicked fast
SMM4H2022TbAtd2AAkAnE1RSa	ADE	8	13	tired
SMM4H2022QqJMFPK7Xu56YfD5	ADE	62	78	holes in my head
SMM4H2022B6CI5q0kQ2Dvjaay	ADE	62	70	crippled
SMM4H2022B6CI5q0kQ2Dvjaay	ADE	126	136	can't walk
SMM4H2022bD08yjz8skq2ETbI	ADE	90	102	not sleeping
SMM4H2022JO58fZKqgaIKsE6k	ADE	52	76	hypo manic mixed episode
SMM4H2022ynObKHFE6C0WET6E	ADE	75	89	falling asleep
SMM4H2022ynObKHFE6C0WET6E	ADE	109	133	brain's always scattered
SMM4H2022oUZsg1dXBbQLJZZs	ADE	20	29	Achille's
SMM4H2022PTBh5iZbI31xfF2W	ADE	109	140	shitty feeling when you wake up
SMM4H2022zSQPD8e9xfSX4bvt	ADE	30	34	pain
SMM4H2022zSQPD8e9xfSX4bvt	ADE	42	52	tendonitis
SMM4H2022zSQPD8e9xfSX4bvt	ADE	54	63	headaches
SMM4H2022zSQPD8e9xfSX4bvt	ADE	65	81	cognitive issues
SMM4H2022Z8Fvz33mgSrzCZcp	ADE	73	77	pain
SMM4H2022Z8Fvz33mgSrzCZcp	ADE	96	128	Struggled to get out of the bath
SMM4H2022E9JVOH0ABIlKbmPz	ADE	36	44	hobbling
SMM4H2022E9JVOH0ABIlKbmPz	ADE	120	128	ruptures
SMM4H2022Cby2j3FfnXZQhi0b	ADE	102	113	itchy scalp
SMM4H2022Cby2j3FfnXZQhi0b	ADE	120	128	hairloss
SMM4H2022nFroSLt9PcIKzoNr	ADE	82	87	tired
SMM4H2022nFroSLt9PcIKzoNr	ADE	92	103	half-asleep
SMM4H2022lszKypsFsuOs0dm2	ADE	17	29	takes it out
SMM4H2022lszKypsFsuOs0dm2	ADE	59	67	sleeping
SMM4H20220eQo57gjLeHjehJN	ADE	31	39	addicted
SMM4H2022ysTnmwFd5gYXKuba	ADE	44	54	withdrawal
SMM4H2022i1DxrP98PelFDx31	ADE	44	50	poison
SMM4H2022i1DxrP98PelFDx31	ADE	58	79	kills your taste buds
SMM4H2022Ew3S4cNAKmAOLvAS	ADE	22	28	poison
SMM4H2022Ew3S4cNAKmAOLvAS	ADE	78	86	headache
SMM4H2022KnQdcQOmOHVWCNRf	ADE	4	40	nicotine beast has me firmly gripped
SMM4H2022KnQdcQOmOHVWCNRf	ADE	26	68	firmly gripped in it's gnarled yellow claw
SMM4H2022deP8Dwnzl2KeclJ6	ADE	3	12	shivering
SMM4H2022TNHhV7oQfNa3o1ya	ADE	21	25	high
SMM4H2022i9irLKtl5Qx7bHHb	ADE	38	44	sadvil
SMM4H2022jnEQaxaxUESnQ6CV	ADE	65	71	addict
SMM4H2022EfYSGNZiQAY1UNo2	ADE	40	50	cold sweat
SMM4H2022EfYSGNZiQAY1UNo2	ADE	65	73	insomnia
SMM4H2022DPzCrH3NOe5X8MUY	ADE	64	68	numb
SMM4H2022DPzCrH3NOe5X8MUY	ADE	123	131	lifeless
SMM4H2022wUeY3YILI8vCR4n6	ADE	97	105	THROWING
SMM4H2022VnNaGroPv4j9NKbD	ADE	106	133	trying to function normally
SMM4H20221VfhJqIiaOAmBkiU	ADE	120	135	can't take both
SMM4H2022elVsVPqcXorKuNMq	ADE	39	48	withdrawl
SMM4H2022hkeHIUGElMp4GJ3q	ADE	50	58	Toxicity
SMM4H2022hkeHIUGElMp4GJ3q	ADE	106	118	chronic pain
SMM4H2022QDVilisNO9fplXdS	ADE	65	74	legs ache
SMM4H2022OqJXgOxq3iLHJ7eV	ADE	14	34	suicidally depressed
SMM4H2022OqJXgOxq3iLHJ7eV	ADE	56	61	voice
SMM4H2022OqJXgOxq3iLHJ7eV	ADE	100	113	worthlessness
SMM4H2022wJGNHJfJ0QyUCt2g	ADE	97	117	shaking like ur cold
SMM4H2022wJGNHJfJ0QyUCt2g	ADE	118	127	shivering
SMM4H2022hz0FQ8r0MLm3S9VX	ADE	26	34	munchies
SMM4H2022hz0FQ8r0MLm3S9VX	ADE	43	54	eatin weird
SMM4H2022hz0FQ8r0MLm3S9VX	ADE	89	103	tearin up food
SMM4H2022fKUyiGt8tcWnb8vC	ADE	97	102	worse
SMM4H2022XyJLNJX4itmryS7I	ADE	47	61	tongue is numb
SMM4H2022VA6qHWeGbMkODdKf	ADE	31	49	damage ALL tendons
SMM4H2022VA6qHWeGbMkODdKf	ADE	91	95	walk
SMM4H2022u9AIlS5pbl0xBr03	ADE	42	53	been in bed
SMM4H2022nmIhXCXcKweDOQkU	ADE	35	43	crippled
SMM4H2022uNfmgmd6yJZmLX2j	ADE	88	98	disability
SMM4H20220pvNAlRHKXqaqXK1	ADE	34	40	stupid
SMM4H20220pvNAlRHKXqaqXK1	ADE	45	51	clumsy
SMM4H2022BpEBLQSTVv00AF3A	ADE	98	111	feeling awful
SMM4H2022BpEBLQSTVv00AF3A	ADE	122	132	withdrawal
SMM4H2022OmD5f1RIEtqgWeDx	ADE	89	112	brain is a sack of NOPE
SMM4H2022piVDuKqKVzyhbqn8	ADE	79	89	depression
SMM4H2022piVDuKqKVzyhbqn8	ADE	106	109	ocd
SMM4H2022piVDuKqKVzyhbqn8	ADE	110	118	insomnia
SMM4H2022XwzxHWBy7eLZBndZ	ADE	13	18	tired
SMM4H2022XwzxHWBy7eLZBndZ	ADE	51	64	sleep so much
SMM4H2022DFucVhSrQ3HkDlwK	ADE	82	92	depression
SMM4H2022kKKVfS7HzXPW5ne5	ADE	47	61	eating all day
SMM4H2022kKKVfS7HzXPW5ne5	ADE	68	78	feel weird
SMM4H2022EyPwgHUBJhuj5bg7	ADE	58	67	depressed
SMM4H2022Bx9T6EL3aoHotDAi	ADE	3	20	feeling so shitty
SMM4H20224Vxnk8IeZ7Uh3oe4	ADE	31	40	headaches
SMM4H2022tNWUy3yDn6QdXzrQ	ADE	73	95	put a gun in your hand
SMM4H20223FKF9cFKvXgAJf3o	ADE	50	56	drowsy
SMM4H2022eeGXGtxt2JjwxHa1	ADE	0	14	Feels dreadful
SMM4H2022eeGXGtxt2JjwxHa1	ADE	124	133	lung pain
SMM4H2022ERFVevnYLwfXhNJb	ADE	86	102	rid myself of it
SMM4H2022ERFVevnYLwfXhNJb	ADE	127	135	no sleep
SMM4H20225EAL8yUF3xVREHU6	ADE	20	28	allergic
SMM4H20225EAL8yUF3xVREHU6	ADE	64	68	sick
SMM4H20226r5VLTRDgCETyAIF	ADE	30	37	nauseas
SMM4H20226r5VLTRDgCETyAIF	ADE	67	74	chunder
SMM4H2022IHsK32BMyADCWmu3	ADE	105	118	tummy trouble
SMM4H202219IBDJje4CkGBL4t	ADE	31	41	withdrawal
SMM4H2022crwbPXu6zRp9Cx7Q	ADE	54	81	perspective time and people
SMM4H20225cYptlWXb1XHgW9S	ADE	25	44	losing every breath
SMM4H20225cYptlWXb1XHgW9S	ADE	76	99	heart beat out my chest
SMM4H2022pHeiGKZ4gldWSQ3Z	ADE	68	77	up till 4
SMM4H2022pHeiGKZ4gldWSQ3Z	ADE	103	109	zombie
SMM4H2022pHeiGKZ4gldWSQ3Z	ADE	118	123	tired
SMM4H2022cPDqMtutZzXHE1Wu	ADE	40	53	schizophrenia
SMM4H2022cPDqMtutZzXHE1Wu	ADE	60	72	hear answers
SMM4H2022J1NOhYaCW6AeMJmb	ADE	36	45	thick fog
SMM4H2022SusEvHSO36LgqgSz	ADE	31	39	TooChill
SMM4H2022SusEvHSO36LgqgSz	ADE	41	47	Zombie
SMM4H2022wBWqLm9VlTJwwzrN	ADE	70	78	weakness
SMM4H2022wBWqLm9VlTJwwzrN	ADE	83	94	muscle pain
SMM4H2022Dn1ZD3IhYkbel50k	ADE	23	36	Weirdo dreams
SMM4H2022Dn1ZD3IhYkbel50k	ADE	46	52	drowsy
SMM4H2022UdqJmqdlmoB0HA5y	ADE	7	24	hearing the words
SMM4H2022HELwSPiHdiSMV7zp	ADE	51	59	suicidal
SMM4H2022HELwSPiHdiSMV7zp	ADE	91	95	numb
SMM4H2022xnO2YmXSKEibBGZW	ADE	102	111	headaches
SMM4H2022Ohbcow2EeDw6HroB	ADE	34	43	got me up
SMM4H2022Ohbcow2EeDw6HroB	ADE	52	76	only slept about 2 hours
SMM4H2022DaePdpENqKjoEoVq	ADE	54	64	withdrawal
SMM4H2022DaePdpENqKjoEoVq	ADE	75	82	anxiety
SMM4H2022DaePdpENqKjoEoVq	ADE	109	121	hypochondria
SMM4H2022Hx1wOpdKc4af1CRY	ADE	11	14	low
SMM4H2022Kzh2CswWjNlzIK7u	ADE	34	45	weight gain
SMM4H2022Wu3KVAhiqr9RkcPZ	ADE	10	20	withdrawal
SMM4H2022Wu3KVAhiqr9RkcPZ	ADE	41	52	lost vision
SMM4H2022Wu3KVAhiqr9RkcPZ	ADE	86	95	brain zap
SMM4H20229JEt7NgnllVf5GtN	ADE	27	35	nauseous
SMM4H2022XGWgtEdHxedV094c	ADE	71	84	gainin weight
SMM4H2022XGWgtEdHxedV094c	ADE	101	104	fat
SMM4H2022XGWgtEdHxedV094c	ADE	109	118	can't cum
SMM4H2022VThNowbcA4NEiKHq	ADE	21	29	headache
SMM4H20220Ogf8Qtxi6P8BEuG	ADE	72	83	exacerbates
SMM4H20221cJSVYyXJNFRRWVh	ADE	55	75	WON'T YOU LET ME EAT
SMM4H20221PPoVLgQJReOQCWh	ADE	40	45	toxic
SMM4H20221PPoVLgQJReOQCWh	ADE	93	114	equivalent to torture
SMM4H20221PPoVLgQJReOQCWh	ADE	116	119	oww
SMM4H202246g9j4I35Um7PYkp	ADE	43	49	rashes
SMM4H202246g9j4I35Um7PYkp	ADE	81	97	Skin sensitivity
SMM4H2022HnJTtBPZpDenshuo	ADE	110	115	wonky
SMM4H2022VliYWVinQbqXcZjE	ADE	25	43	makes me nocturnal
SMM4H2022VliYWVinQbqXcZjE	ADE	34	43	nocturnal
SMM4H2022h2NAtMWVDyD76smv	ADE	27	35	headache
SMM4H20228DNrgxK8H6AXzHjv	ADE	56	60	balm
SMM4H20228DNrgxK8H6AXzHjv	ADE	95	103	hairloss
SMM4H2022eJogdzGCmyIpcHhI	ADE	28	58	sleeping schedule of a vampire
SMM4H2022mTxdbQdZcoNlKEjE	ADE	4	25	Vitamin D malsorption
SMM4H2022mTxdbQdZcoNlKEjE	ADE	116	132	calcium problems
SMM4H2022aXG1dfzTFUBVkMG8	ADE	136	145	depressed
SMM4H2022wJy8y8RmXNacZuFM	ADE	59	68	wait gain
SMM4H2022wJy8y8RmXNacZuFM	ADE	99	105	weight
SMM4H2022rKdNDa8DxUSJBtDR	ADE	103	121	destroyed my liver
SMM4H2022R5JoWow5TWIWU2tF	ADE	78	95	allergic reaction
SMM4H2022R5JoWow5TWIWU2tF	ADE	107	123	almost killed me
SMM4H2022yX2dvdLYJkBSqyGG	ADE	56	70	mixed episodes
SMM4H2022yX2dvdLYJkBSqyGG	ADE	84	95	instability
SMM4H2022d927ZRaq8oqf7RAH	ADE	130	134	high
SMM4H20224uGcw5cza8yicY3R	ADE	21	32	WITHDRAWALS
SMM4H20224ggjI0EW9enpNnjk	ADE	8	24	blew out my arms
SMM4H20224ggjI0EW9enpNnjk	ADE	31	36	heels
SMM4H20224ggjI0EW9enpNnjk	ADE	50	54	hurt
SMM4H20224ggjI0EW9enpNnjk	ADE	76	80	pain
SMM4H2022cBh1eQg5wuDb3ZEX	ADE	18	23	vomit
SMM4H2022cBh1eQg5wuDb3ZEX	ADE	45	54	migraines
SMM4H2022xz8j6sHRsh2TMJxR	ADE	31	47	Bizarre thoughts
SMM4H20224r68wOQ1TFY0T6fW	ADE	11	20	irritated
SMM4H20224r68wOQ1TFY0T6fW	ADE	47	66	can't think as fast
SMM4H2022Qt6yyV889onnyv43	ADE	86	92	zombie
SMM4H2022eNoXBMQllynOqQlA	ADE	28	45	flu Iike symptoms
SMM4H2022eNoXBMQllynOqQlA	ADE	47	62	aches and pains
SMM4H2022eNoXBMQllynOqQlA	ADE	64	71	shivers
SMM4H2022eNoXBMQllynOqQlA	ADE	74	80	sweats
SMM4H2022eVCfpDwjILkvZqei	ADE	101	105	rage
SMM4H2022JqxDSECM3knLYFu5	ADE	31	36	Aches
SMM4H2022JqxDSECM3knLYFu5	ADE	45	54	back pain
SMM4H2022JqxDSECM3knLYFu5	ADE	63	81	Swollen lower legs
SMM4H2022JqxDSECM3knLYFu5	ADE	87	102	fluid retention
SMM4H2022BUZVwA4AhjFwIc5k	ADE	31	47	comedown is hell
SMM4H2022BUZVwA4AhjFwIc5k	ADE	120	130	zap noises
SMM4H20221h0rCQQIZ8uneVfj	ADE	32	48	inability to cry
SMM4H20221h0rCQQIZ8uneVfj	ADE	56	64	dry eyed
SMM4H2022XHWOXPzFbhXym1pA	ADE	28	38	over think
SMM4H2022XHWOXPzFbhXym1pA	ADE	66	71	angry
SMM4H2022x3nbWxlZNKzyztqU	ADE	4	9	tired
SMM4H2022x3nbWxlZNKzyztqU	ADE	49	56	naptime
SMM4H2022xZM2CDZyUCTfsM2a	ADE	27	43	blew out my arms
SMM4H2022xZM2CDZyUCTfsM2a	ADE	50	55	heels
SMM4H2022xZM2CDZyUCTfsM2a	ADE	69	73	hurt
SMM4H2022xZM2CDZyUCTfsM2a	ADE	95	99	pain
SMM4H2022ZqvKsQEsr0Iq0Pcj	ADE	7	12	wired
SMM4H2022ZqvKsQEsr0Iq0Pcj	ADE	14	26	Not sleeping
SMM4H20225QzXooOeZjdePvSv	ADE	17	40	tendons in lots of pain
SMM4H20225QzXooOeZjdePvSv	ADE	60	79	hands barely usable
SMM4H20227DXTMFhwp9ejjxBw	ADE	56	69	brain shivers
SMM4H20227DXTMFhwp9ejjxBw	ADE	110	120	withdrawal
SMM4H2022t5xoRjKv7l52kTGP	ADE	116	131	barely function
SMM4H2022XmLA51zbG2WrvYNh	ADE	0	13	Restless arms
SMM4H2022XmLA51zbG2WrvYNh	ADE	0	24	restless arms &amp; legs
SMM4H2022ZRsMTUj6RpbtQWe9	ADE	10	18	sleeping
SMM4H2022k25IXYL24MogWtUX	ADE	101	112	gain weight
SMM4H2022Bsi55XfbbUXKKP33	ADE	74	80	zombie
SMM4H2022sYMdXL20LaqcUote	ADE	43	50	ab pain
SMM4H2022sYMdXL20LaqcUote	ADE	52	58	cramps
SMM4H2022sYMdXL20LaqcUote	ADE	59	65	nausea
SMM4H2022sYMdXL20LaqcUote	ADE	66	75	vomitting
SMM4H2022sYMdXL20LaqcUote	ADE	77	81	skin
SMM4H2022sYMdXL20LaqcUote	ADE	82	96	joint problems
SMM4H2022sYMdXL20LaqcUote	ADE	98	113	ulcers in mouth
SMM4H2022sYMdXL20LaqcUote	ADE	114	121	fatique
SMM4H2022Ic6cwEtFeJB2T9K1	ADE	85	98	reacted badly
SMM4H2022PdRePYtGlDEhRo9q	ADE	77	80	ill
SMM4H2022nfVvCVg7WVGKrfgc	ADE	45	48	OCD
SMM4H2022kZSW7UHRW4hnAZMd	ADE	14	30	pee way too much
SMM4H2022kZSW7UHRW4hnAZMd	ADE	111	120	dehydrate
SMM4H2022OGUKd4Q0wJBIFE5d	ADE	5	9	rant
SMM4H2022OGUKd4Q0wJBIFE5d	ADE	26	35	withdrawl
SMM4H2022ppi7544AVVGZnuc0	ADE	11	20	addiction
SMM4H2022ppi7544AVVGZnuc0	ADE	67	77	dependance
SMM4H2022ppi7544AVVGZnuc0	ADE	106	114	headache
SMM4H2022XaAWQgLEpvxyryK1	ADE	96	105	depressed
SMM4H2022GrUL6WTxEGFL5oAg	ADE	24	47	felt like sumo wrestler
SMM4H20221q0l2kkUgIzVMMcs	ADE	48	61	urge to vomit
SMM4H20221q0l2kkUgIzVMMcs	ADE	70	85	feel disgusting
SMM4H202273zqs877eP0sxb4Y	ADE	48	73	cleaned my entire kitchen
SMM4H202273zqs877eP0sxb4Y	ADE	80	83	3am
SMM4H2022OtxIez537Esm9LMb	ADE	57	66	migraines
SMM4H2022OtxIez537Esm9LMb	ADE	116	121	tired
SMM4H2022wnNbdqMUxiWeywPm	ADE	4	8	high
SMM4H2022NT8MvTeEFiodsFgv	ADE	90	102	pancreatitis
SMM4H2022NT8MvTeEFiodsFgv	ADE	107	125	digestive problems
SMM4H2022SPLdFkMPXmESFbQq	ADE	46	54	addicted
SMM4H2022RXWlwwVt6yQyP4fw	ADE	33	41	headache
SMM4H2022RXWlwwVt6yQyP4fw	ADE	49	57	shoulder
SMM4H2022RXWlwwVt6yQyP4fw	ADE	62	71	neck ache
SMM4H2022RXWlwwVt6yQyP4fw	ADE	67	71	ache
SMM4H2022RXWlwwVt6yQyP4fw	ADE	73	88	lower back pain
SMM4H2022RXWlwwVt6yQyP4fw	ADE	90	100	weak knees
SMM4H2022RXWlwwVt6yQyP4fw	ADE	102	109	limping
SMM4H2022AemspyQ0a9IPQYXw	ADE	20	29	tourettes
SMM4H2022AemspyQ0a9IPQYXw	ADE	51	58	Twitchy
SMM4H2022QdRrOGi2v3pRbpHE	ADE	91	100	addiction
SMM4H2022zVPXYMJEHYOlQ6Ib	ADE	68	77	addiction
SMM4H2022AJAFtU4kMAs2Yqg9	ADE	56	62	hungry
SMM4H2022AJAFtU4kMAs2Yqg9	ADE	73	106	tear my own face off &amp; eat it
SMM4H2022AJAFtU4kMAs2Yqg9	ADE	110	113	cry
SMM4H2022QgR91vo6v6m62Q7o	ADE	51	64	whacks me out
SMM4H2022QgR91vo6v6m62Q7o	ADE	80	86	asleep
SMM4H2022quEKjdHKl010FZVp	ADE	62	65	TMJ
SMM4H2022quEKjdHKl010FZVp	ADE	66	75	headaches
SMM4H2022VNoWz2REYRTcFy6o	ADE	71	76	aches
SMM4H2022VNoWz2REYRTcFy6o	ADE	93	108	lower back ache
SMM4H2022VNoWz2REYRTcFy6o	ADE	113	123	weak knees
SMM4H2022GiUloKHmhkRr7RfK	ADE	53	57	sick
SMM4H2022dlfE0CN0EQZ8Yycc	ADE	14	22	allergic
SMM4H2022gAqLbjRYmWBB6p2q	ADE	68	72	sick
SMM4H2022dh7rJkBPm1DWMRQ3	ADE	40	56	hating the world
SMM4H202297JG3GRL0r7F3oii	ADE	82	97	steal your soul
SMM4H202297JG3GRL0r7F3oii	ADE	113	120	bloated
SMM4H202297JG3GRL0r7F3oii	ADE	121	127	zombie
SMM4H2022JgPZ75dlpC8C6C3H	ADE	51	70	not working as well
SMM4H2022JgPZ75dlpC8C6C3H	ADE	125	131	sleepy
SMM4H2022rePGx8abzfugJCVH	ADE	56	78	like taking rat poison
SMM4H2022FLGHUTXktB5H1zIS	ADE	122	136	worsening pain
SMM4H2022nWaoQ8tSxj8QFmkG	ADE	53	62	hypomania
SMM4H2022Fk2pL4jxbiufAQz2	ADE	22	37	sleep paralysis
SMM4H2022Fk2pL4jxbiufAQz2	ADE	71	84	muscle spasms
SMM4H2022Fk2pL4jxbiufAQz2	ADE	71	84	muscle spasms
SMM4H202229fanYISYc0jXnR2	ADE	47	52	tired
SMM4H2022ZoKc24UU9qSskusS	ADE	84	106	blood pressure dropped
SMM4H2022ZoKc24UU9qSskusS	ADE	116	129	couldn't walk
SMM4H2022oartCOZedxGoF34r	ADE	38	47	sex drive
SMM4H2022oartCOZedxGoF34r	ADE	50	56	libido
SMM4H2022oartCOZedxGoF34r	ADE	85	95	withdrawal
SMM4H2022seOX3nx6bNIH0lhF	ADE	85	94	screaming
SMM4H2022seOX3nx6bNIH0lhF	ADE	99	105	crying
SMM4H2022zoIyzS080QH8bpUP	ADE	1	15	arms stil hurt
SMM4H2022zoIyzS080QH8bpUP	ADE	26	57	tendons is like a razor to rope
SMM4H2022zoIyzS080QH8bpUP	ADE	92	98	weaker
SMM4H2022zoIyzS080QH8bpUP	ADE	105	115	won't heal
SMM4H20221sHBtdZJBsGJ3LwR	ADE	28	33	tired
SMM4H2022fREh2XI74TWyahQ6	ADE	16	31	lower back pain
SMM4H2022fREh2XI74TWyahQ6	ADE	52	60	crippled
SMM4H2022TVN7KsMM5gevyWhp	ADE	64	78	neuro problems
SMM4H2022TVN7KsMM5gevyWhp	ADE	80	86	ataxia
SMM4H2022kvYkDcRL5CIlilM5	ADE	24	36	felt nothing
SMM4H2022kvYkDcRL5CIlilM5	ADE	81	119	coming off klonopin and paxil was hell
SMM4H2022YJppxwANJQSY1m9x	ADE	41	46	dream
SMM4H20223cfivADgM73dcaqE	ADE	122	143	groggy in the morning
SMM4H2022iCyAAqhPCL1hN6sz	ADE	106	113	painful
SMM4H2022xEKriuQOHMJvxv6S	ADE	17	22	burns
SMM4H2022Uha48w7IbkKucWEv	ADE	89	94	hurts
SMM4H2022vMG4BOxp9R3ylT60	ADE	61	70	zombified
SMM4H2022faF270d5ACiHD09X	ADE	37	41	flat
SMM4H2022faF270d5ACiHD09X	ADE	77	88	weight gain
SMM4H2022EyMGRETJHSunPFam	ADE	52	68	messed up dreams
SMM4H2022mvBLdiGdRpznis6F	ADE	83	95	racing heart
SMM4H2022mvBLdiGdRpznis6F	ADE	100	112	palpitations
SMM4H2022vDOYDgyJZxi3AfWr	ADE	4	16	not sleeping
SMM4H20223tmTYWiaG5Gx8AXQ	ADE	112	124	messed me up
SMM4H2022jT1k3ZJRIRFr8vdN	ADE	47	52	aches
SMM4H2022jT1k3ZJRIRFr8vdN	ADE	57	62	pains
SMM4H2022mwTwNQe8c7qELvoj	ADE	29	39	withdrawal
SMM4H2022mwTwNQe8c7qELvoj	ADE	49	68	feel kinda terrible
SMM4H2022VCg967jaRwauB7M6	ADE	39	51	gained 40lbs
SMM4H2022TVxkoVV8POivz2cg	ADE	102	130	inside i was still screaming
SMM4H2022gdrlP9V98OjgYn1h	ADE	101	121	metabolic"" syndrome
SMM4H2022WhYWRNGFEkALdgiB	ADE	17	30	knocks me out
SMM4H2022UjUoWAcioXwoXrmN	ADE	39	52	muscle spasms
SMM4H2022UjUoWAcioXwoXrmN	ADE	100	115	fluid retention
SMM4H2022UjUoWAcioXwoXrmN	ADE	122	128	mobile
SMM4H2022DtQbxC8jee3yAjEg	ADE	84	88	Rash
SMM4H2022DtQbxC8jee3yAjEg	ADE	114	122	Glaucoma
SMM4H2022rEAo0MhuRcPQGMcx	ADE	119	135	shot my daughter
SMM4H2022x224e9kpbUotQ83B	ADE	21	28	lo0o0py
SMM4H2022x224e9kpbUotQ83B	ADE	69	91	thirty minutes to type
SMM4H2022x224e9kpbUotQ83B	ADE	99	138	waking up without knowing I feel asleep
SMM4H2022bRO6gxOfmAidtYpq	ADE	52	57	pains
SMM4H2022bRO6gxOfmAidtYpq	ADE	104	119	fluid retention
SMM4H2022MaoNl62q5dfg0X43	ADE	69	83	sleep for days
SMM4H2022MaoNl62q5dfg0X43	ADE	69	83	sleep for days
SMM4H2022lYwPycpPzTEZeqC9	ADE	37	46	addictive
SMM4H2022lYwPycpPzTEZeqC9	ADE	64	72	sedating
SMM4H2022B1t3y1YzW1o9IXRS	ADE	27	37	physically
SMM4H2022B1t3y1YzW1o9IXRS	ADE	42	58	mentally drained
SMM4H2022RBeuKIpaZmSt4HSL	ADE	66	96	neck, back, hip, and leg aches
SMM4H2022RBeuKIpaZmSt4HSL	ADE	72	96	back, hip, and leg aches
SMM4H2022RBeuKIpaZmSt4HSL	ADE	78	96	hip, and leg aches
SMM4H2022RBeuKIpaZmSt4HSL	ADE	87	96	leg aches
SMM4H2022nWt7PzfteIMGo4un	ADE	70	79	headaches
SMM4H2022FxnzX8o6akC1A8AC	ADE	79	114	common for apartments to be haunted
SMM4H20221RQKhLykLMydtDkw	ADE	110	124	antipsychotics
SMM4H2022WZ6hXqt3P5tmzGQW	ADE	95	105	withdrawal
SMM4H20229SZCO8asIBmAO1pd	ADE	33	38	Pains
SMM4H2022vRV5fKveap2qzfsJ	ADE	0	42	Feels like one of those 5-cup #coffee days
SMM4H2022wwloDYCyWIjib2Pb	ADE	106	119	stay in shape
SMM4H2022AQvFCYJIZ75CZT6K	ADE	70	73	ill
SMM4H2022MOFJilJuTfgGcuTL	ADE	26	34	lucidity
SMM4H2022LJ7qxW0qCFcTeWuK	ADE	12	33	dreams became vivider
SMM4H2022OaoS9I9bDMG8rygb	ADE	0	6	Bombed
SMM4H2022OaoS9I9bDMG8rygb	ADE	89	107	sleep all the time
SMM4H20223IJtOyXw7GygaK1v	ADE	42	53	after sting
SMM4H2022ZTkHtJ9K2fHRHiVH	ADE	62	94	look at my Farrah Fawcett poster
SMM4H2022aMpoXKTGKn4VN0L0	ADE	60	70	withdrawal
SMM4H2022R9V4kSdIi5istPUq	ADE	69	73	sick
SMM4H2022fgJeGOYO5LdpZuaD	ADE	59	68	egg burps
SMM4H2022C1iYDPNfNKvnS5Mg	ADE	96	114	increase my weight
SMM4H2022lXxReHKyHHDjTInF	ADE	47	67	rage breaking things
SMM4H2022tMlhJfENTacYmpBJ	ADE	6	10	sick
SMM4H20222vtDinnXG9Q9ai0O	ADE	31	37	nauaea
SMM4H20222vtDinnXG9Q9ai0O	ADE	91	105	kicking my ass
SMM4H20226kdflee3hHSKSLLR	ADE	24	67	can't even get whipped cream out of the can
SMM4H20226kdflee3hHSKSLLR	ADE	72	101	arms just keep getting worse.
SMM4H2022PEtV7oJJ4oeGgInX	ADE	84	94	withdrawal
SMM4H2022FsFXsrgZx5McigLW	ADE	9	16	DIZZING
SMM4H2022FsFXsrgZx5McigLW	ADE	109	120	feel so Ick
SMM4H2022MxVK4Kr3BOKdqyVq	ADE	37	59	doing things difficult
SMM4H2022MxVK4Kr3BOKdqyVq	ADE	99	110	fall asleep
SMM4H2022cyNaBGtN3XzJsezy	ADE	34	58	shooting pains down arms
SMM4H2022cyNaBGtN3XzJsezy	ADE	34	69	shooting pains down arms &amp; legs
SMM4H2022cyNaBGtN3XzJsezy	ADE	93	102	body ache
SMM4H2022dKAzjrSGg5ecoi0S	ADE	68	79	lightweight
SMM4H2022lotbVruKigtPwGzr	ADE	42	47	tired
SMM4H2022lotbVruKigtPwGzr	ADE	54	62	in a fog
SMM4H20229zMNQ7V95TYkkttX	ADE	14	30	dont get it, sex
SMM4H2022n7g9BpX0YtrwMNIF	ADE	80	95	slept 13-14 hrs
SMM4H2022n7g9BpX0YtrwMNIF	ADE	112	123	feel wasted
SMM4H202281Eg2d0wun0cK4UH	ADE	22	36	intense dreams
SMM4H20223FbV5c7juVUOy8Lu	ADE	82	123	you can check in, but you can never leave
SMM4H2022VSlQdndtUOoYrpWj	ADE	40	50	withdrawal
SMM4H2022VSlQdndtUOoYrpWj	ADE	67	76	emotional
SMM4H2022VSlQdndtUOoYrpWj	ADE	109	124	crawl in a hole
SMM4H2022tG4dILAp3p4ef81P	ADE	40	62	dark night of the soul
SMM4H2022cZSFCv9giGkQiTio	ADE	94	105	gastro pain
SMM4H2022cZSFCv9giGkQiTio	ADE	130	136	crying
SMM4H202293rUCWHnZXH3Qwzm	ADE	117	127	withdrawal
SMM4H2022U217mBTbSmjNI27J	ADE	121	133	just woke up
SMM4H2022H6m1Wzlz1SRhJ9Vy	ADE	49	64	weight I put on
SMM4H2022ZGyiKVCMmfPa1IxT	ADE	73	86	carb cravings
SMM4H2022sVRoF9tnx9cfi5PM	ADE	85	102	shouldn't wake up
SMM4H2022g1kUHszcigvBbSjt	ADE	78	85	tremors
SMM4H2022uTLDGdWyQZoMctLW	ADE	55	66	withdrawals
SMM4H2022uTLDGdWyQZoMctLW	ADE	106	110	sick
SMM4H2022uTLDGdWyQZoMctLW	ADE	112	121	withdraws
SMM4H2022uTLDGdWyQZoMctLW	ADE	123	135	sicksicksick
SMM4H2022GeW2mGArOLmn74V7	ADE	75	80	aches
SMM4H2022GeW2mGArOLmn74V7	ADE	85	90	pains
SMM4H2022wyM8jhDvp5kKKn18	ADE	54	70	Trying to get up
SMM4H2022AXnne7yioko9K2GX	ADE	41	44	JCV
SMM4H2022AXnne7yioko9K2GX	ADE	60	63	JCV
SMM4H2022UA3EbTRs7DQUyOyd	ADE	47	78	hip joints just started hurting
SMM4H2022yQphZd7iNCR1ML4S	ADE	44	48	sick
SMM4H2022yQphZd7iNCR1ML4S	ADE	82	90	seizures
SMM4H2022yQphZd7iNCR1ML4S	ADE	82	90	seizures
SMM4H2022MPnEeyOkSclgaOMa	ADE	80	86	bowels
SMM4H2022qu8r7A0mHZjaeeTA	ADE	126	136	withdrawal
SMM4H2022uWAzmvXiLv4Fe1XW	ADE	97	109	Broken sleep
SMM4H2022OQDxH5abIi4FPaUM	ADE	51	61	dehydrates
SMM4H2022Wlusv0Z3YQ6pdgEb	ADE	44	53	depressed
SMM4H2022Wlusv0Z3YQ6pdgEb	ADE	44	53	depressed
SMM4H2022Wlusv0Z3YQ6pdgEb	ADE	73	78	angry
SMM4H2022f6bNqaDOCuYNpi9f	ADE	52	70	Respiratory issues
SMM4H2022f6bNqaDOCuYNpi9f	ADE	127	138	lung issues
SMM4H2022G0nM6eplEViEhODF	ADE	88	120	smelled"" a pungent solvent odor
SMM4H2022G0nM6eplEViEhODF	ADE	124	129	smell
SMM4H20225iIAsodpdgfkrgjQ	ADE	26	31	Chemo
SMM4H20225iIAsodpdgfkrgjQ	ADE	89	107	destroyed my lungs
SMM4H2022VR1OehNgsG4nFroM	ADE	24	32	headache
SMM4H2022VR1OehNgsG4nFroM	ADE	37	43	nausea
SMM4H2022NTISQKWR1U3fBhtV	ADE	13	27	t cell went up
SMM4H2022OeeKl7xKWUdkEe7B	ADE	107	123	hair falling out
SMM4H2022FmgnRRW5LwTZ7zhA	ADE	28	36	eyesight
SMM4H2022FmgnRRW5LwTZ7zhA	ADE	64	98	awesome vision, to wearing glasses
SMM4H2022YLjDHQ7Y41LyTqdK	ADE	89	97	insomnia
SMM4H20225dJuVbiYm6nLzpfp	ADE	30	38	cravings
SMM4H2022RKhOFHS1knqIexJf	ADE	32	42	alcoholism
SMM4H2022RKhOFHS1knqIexJf	ADE	65	73	cravings
SMM4H2022LD9h4EDZHNbAEZXI	ADE	116	122	sleepy
SMM4H20222P2BlMXOkd0tHhiL	ADE	53	69	tremors in hands
SMM4H20222P2BlMXOkd0tHhiL	ADE	53	78	tremors in hands and legs
SMM4H20222P2BlMXOkd0tHhiL	ADE	80	95	Body would rock
SMM4H20222P2BlMXOkd0tHhiL	ADE	110	122	Restlessness
SMM4H20222P2BlMXOkd0tHhiL	ADE	124	135	Desperation
SMM4H2022O5zYR3Okt9vTPFDG	ADE	57	78	feet are always going
SMM4H2022O5zYR3Okt9vTPFDG	ADE	89	115	twirls her hair constantly
SMM4H2022elXW4zKRzUELZsez	ADE	33	45	restlessness
SMM4H2022elXW4zKRzUELZsez	ADE	57	76	did make my legs go
SMM4H2022j44ic8nGDBGDrQgX	ADE	1	8	Tremors
SMM4H2022j44ic8nGDBGDrQgX	ADE	64	84	tension in my nerves
SMM4H2022j44ic8nGDBGDrQgX	ADE	97	104	shaking
SMM4H2022d9WMNFhkLRJ11bcF	ADE	39	43	sick
SMM4H20226FcS11CpAn6edFWy	ADE	6	15	Nightmare
SMM4H20226FcS11CpAn6edFWy	ADE	29	34	awake
SMM4H2022PxVuR1k0KT1fLYoF	ADE	13	24	eh whatever
SMM4H2022523JUXzccxY8lrvX	ADE	3	9	wailed
SMM4H2022523JUXzccxY8lrvX	ADE	41	48	sobbing
SMM4H2022523JUXzccxY8lrvX	ADE	85	109	DISCONTINUATION SYNDROME
SMM4H20227bvnu3PeSSDDAu77	ADE	109	118	insomniac
SMM4H2022ntKZGggLnApGYZ0i	ADE	78	91	night visions
SMM4H2022anMoAMt49ADycI5q	ADE	20	36	sleep past 24hrs
SMM4H2022anMoAMt49ADycI5q	ADE	114	125	tummy pains
SMM4H2022REqvQ2dNvQvQKc7n	ADE	106	115	exhausted
SMM4H2022XfRAbdvQJ6KI1WpW	ADE	70	84	reduces libido
SMM4H2022XfRAbdvQJ6KI1WpW	ADE	96	104	lethargy
SMM4H2022GfmhwnednThsrmgK	ADE	43	54	gain weight
SMM4H20220jr6eygoqMCyMuH3	ADE	5	13	paranoia
SMM4H20220jr6eygoqMCyMuH3	ADE	21	35	leg is itching
SMM4H2022w1YXGTSIFEMX4Szm	ADE	42	48	zombie
SMM4H2022w1YXGTSIFEMX4Szm	ADE	59	75	hating the world
SMM4H20226q123cApd9RXzQXP	ADE	81	86	drunk
SMM4H20226q123cApd9RXzQXP	ADE	88	98	staggering
SMM4H20226q123cApd9RXzQXP	ADE	100	111	blurry-eyed
SMM4H20226q123cApd9RXzQXP	ADE	113	120	amnesic
SMM4H2022wlorJoKQYgYSlDpR	ADE	65	75	drowsiness
SMM4H2022wlorJoKQYgYSlDpR	ADE	76	86	sleepiness
SMM4H2022wlorJoKQYgYSlDpR	ADE	87	97	GI effects
SMM4H20226SwfehHZALk6ykPS	ADE	10	18	Crippled
SMM4H20226SwfehHZALk6ykPS	ADE	92	106	Tendon rupture
SMM4H2022UEzGwUQC9blv31HP	ADE	89	97	crippled
SMM4H2022KnLsIdz4mQXYohp9	ADE	22	26	sick
SMM4H2022KnLsIdz4mQXYohp9	ADE	67	77	Withdrawal
SMM4H2022Gk5Uxx7TKrtLQPLR	ADE	35	41	HUNGRY
SMM4H2022Gk5Uxx7TKrtLQPLR	ADE	43	63	Prop my eyelids open
SMM4H2022tk6OK5tX9EobuBUq	ADE	76	93	connective tissue
SMM4H2022tk6OK5tX9EobuBUq	ADE	94	99	lungs
SMM4H2022tk6OK5tX9EobuBUq	ADE	104	111	thyroid
SMM4H2022LS9vUKbTtM9UV85M	ADE	78	84	drowsy
SMM4H2022LS9vUKbTtM9UV85M	ADE	110	114	high
SMM4H2022SrzOoY44VG6Ovm0N	ADE	25	29	high
SMM4H2022SrzOoY44VG6Ovm0N	ADE	46	67	feel like throwing up
SMM4H2022LgUOdIeAIlEcYLJ6	ADE	22	27	burns
SMM4H2022WGds4xVyjE9aRqNZ	ADE	41	67	weird &amp; bizarre dreams
SMM4H2022DIaJVzfIF4MZddQ2	ADE	41	59	anaphylactic shock
SMM4H2022DIaJVzfIF4MZddQ2	ADE	66	77	almost died
SMM4H2022F7U5N00BPS5RFGv6	ADE	15	42	nose feel like its bleeding
SMM4H2022Nj9NwBtIxjwnZmcb	ADE	81	85	weak
SMM4H20220gTJWpuG9Zmj5EP6	ADE	69	77	crippled
SMM4H2022pLd8TRRk804IulMO	ADE	9	21	numb to feel
SMM4H2022TFhzYBheuUpo2SOB	ADE	63	73	withdrawal
SMM4H2022Twd5Qf0A8pjtJeAw	ADE	56	62	sleepy
SMM4H2022d6Kx9hYDGR2GwSSs	ADE	58	65	vertigo
SMM4H2022B3gq6aFZpoMNdMxj	ADE	40	51	with drawls
SMM4H2022OmIksUDKaib8BYK2	ADE	31	40	dizziness
SMM4H2022XT6EWoUyfcWf3PJU	ADE	78	85	wdrawal
SMM4H2022HhrEKmhfNJ0XxtZc	ADE	13	17	mood
SMM4H2022KqEgit27yTTX3wvk	ADE	107	116	migraines
SMM4H2022yXWoUTRpc1Q6NQ4Q	ADE	53	63	nightmares
SMM4H2022vouQhAUckmEEapMV	ADE	77	88	withdrawals
SMM4H2022424F8MnA4PZrTCWk	ADE	10	19	withdrawl
SMM4H2022NMTK5a7GN1lIj9Gs	ADE	41	47	Vomits
SMM4H20220cp8vZcBcp3C8o83	ADE	0	6	Crying
SMM4H20220cp8vZcBcp3C8o83	ADE	69	79	withdrawls
SMM4H2022x4Y5cYuDVY21jQSW	ADE	28	57	coming off effexor is NOT fun
SMM4H2022ETy3F7uGnSHh7ju4	ADE	22	31	headaches
SMM4H2022ETy3F7uGnSHh7ju4	ADE	33	44	no appetite
SMM4H2022qXr6EaNu9IJU9FNz	ADE	17	49	coming off Effexor was the worst
SMM4H2022wv2Sq3ey6t00Ymur	ADE	117	129	irritability
SMM4H2022d90hSD4KmfSVX6l9	ADE	101	108	rebound
SMM4H2022aCdxcGlAwPr4efds	ADE	49	59	eyes worse
SMM4H2022GjtgenVOz4mcCjBc	ADE	87	93	weight
SMM4H2022imGbQ7QLByhuGgyF	ADE	60	63	nap
SMM4H2022GGViPD4UXrpST5lJ	ADE	42	62	zap me of all energy
SMM4H2022GGViPD4UXrpST5lJ	ADE	121	137	not feeling good
SMM4H20220EbDlejjO1pA0FnD	ADE	20	30	see shapes
SMM4H2022mj8BpnYhNLI1EV1b	ADE	60	88	feel like I can't even stand
SMM4H2022GqwvFQAUMJV47yZc	ADE	36	45	zombified
SMM4H2022JXTsT6SuBHCRC0kT	ADE	100	112	paraesthesia
SMM4H2022X89E6Vz0rCECp5Ao	ADE	20	31	14 hour nap
SMM4H2022w8pa04oFn9xIFpQx	ADE	13	34	Restless Leg Syndrome
SMM4H2022NPhWMfGzATko7bA0	ADE	41	62	messed up my attitude
SMM4H2022NPhWMfGzATko7bA0	ADE	122	126	mean
SMM4H2022bsnRXyzWDM7PHPl6	ADE	49	54	tired
SMM4H2022t0YfX5dAWRj3Duaf	ADE	60	67	fatigue
SMM4H2022t0YfX5dAWRj3Duaf	ADE	81	85	pale
SMM4H2022t0YfX5dAWRj3Duaf	ADE	90	109	lost tons of weight
SMM4H20227ug9H6x8waIlzsGd	ADE	66	75	fuzziness
SMM4H2022TPmXseHez2XTpT93	ADE	84	89	flare
SMM4H2022bwpcf0BhiMUolVhI	ADE	42	46	PAIN
SMM4H2022UfSmRKU2WkbGhqwl	ADE	35	65	like I'm having a heart attack
SMM4H2022UfSmRKU2WkbGhqwl	ADE	69	81	panic attack
SMM4H2022X26c1oBQIgWDlPOg	ADE	21	32	almost died
SMM4H202294jhzmpwqqpgtiws	ADE	38	43	Tired
SMM4H2022RaTYtN5sirUZbLzA	ADE	34	47	wreck my head
SMM4H2022tNlvoYcPIxmdn3PG	ADE	47	54	wt loss
SMM4H2022nT3FiiqCwZYTgg7o	ADE	96	123	irritating my nerve endings
SMM4H2022mSBfVU6VuL6F1RFF	ADE	43	48	yucky
SMM4H2022rvwfV71mHUQV036j	ADE	31	39	lethargy
SMM4H2022c59nZliAlD4NM2fB	ADE	57	63	ataxia
SMM4H2022epl4cSBedfCBPrE1	ADE	20	43	steven johnson syndrome
SMM4H2022jNpo88M3c0HdLuUI	ADE	49	58	addictive
SMM4H2022jNpo88M3c0HdLuUI	ADE	109	123	3 days of hell
SMM4H20225ISpa8ipCfIdzP0M	ADE	0	17	Allergic reaction
SMM4H20225Eg3QYqWyxCmbDA3	ADE	19	27	poisoned
SMM4H20225Eg3QYqWyxCmbDA3	ADE	60	64	pain
SMM4H2022cJW5Cqr4qfNgPmXL	ADE	69	80	hallucinate
SMM4H2022bOyFZcIPMNYaKcoW	ADE	32	46	stomach cramps
SMM4H2022MlJMHZdkWv9uVEeM	ADE	38	42	numb
SMM4H2022R4i70l2iAXozSRKJ	ADE	18	22	cold
SMM4H2022Go5MbaKrAOJ2WRxj	ADE	112	121	addiction
SMM4H20229pLHa8d5nXfbveCR	ADE	60	67	sweatin
SMM4H2022I2YhiESyPQGn0lD3	ADE	83	94	depression.
SMM4H2022LkDcjtETG3aiXqKt	ADE	15	23	addicted
SMM4H2022oWvVO0JWZtmJphLQ	ADE	41	51	withdrawal
SMM4H2022Y62C1f0ynFV4gNIY	ADE	77	86	addiction
SMM4H2022tqBo629R6CO1zohF	ADE	24	34	withdrawal
SMM4H2022CjTU4YFGLiZcN40e	ADE	70	79	nightmare
SMM4H2022wd0SA8S6cUOE83Hq	ADE	80	84	pain
SMM4H2022PXMK2lEZZiPjgOxu	ADE	33	51	sick to my stomach
SMM4H2022Qc31bHt7GyjCdTKy	ADE	77	115	like wading through treacle getting up
SMM4H2022GzhxjHqRvTdxh1OU	ADE	64	79	hunger inducing
SMM4H20229zeILvCYxlyXrzbd	ADE	93	100	zombies
SMM4H20222SDHhLymMmB4n5HQ	ADE	46	59	knocks me out
SMM4H2022J7DeFd8sjatYkHmx	ADE	56	65	dry mouth
SMM4H2022ClU9qCD20MzEXueH	ADE	50	61	gain weight
SMM4H2022ClU9qCD20MzEXueH	ADE	72	77	binge
SMM4H2022ClU9qCD20MzEXueH	ADE	131	141	joint pain
SMM4H2022IEMT94lrH6Ua0rbq	ADE	108	119	weight gain
SMM4H2022LY83e0DUzMUUps0t	ADE	36	50	olanzapine lbs
SMM4H20229YbdxHzOfJvJfg5A	ADE	103	116	gained 3stone
SMM4H2022q6dX2pO2yUP8IXHL	ADE	34	45	gain 20 lbs
SMM4H2022q6dX2pO2yUP8IXHL	ADE	83	87	acne
SMM4H2022EgD8AFPidiMnf97e	ADE	10	18	headache
SMM4H20223xbslKtOxYd4tNql	ADE	52	62	withdrawls
SMM4H2022Hhv7Jd6WQBMewmjR	ADE	6	16	withdrawal
SMM4H2022ioDFQSOm7DoJBAEY	ADE	22	39	impossible to cry
SMM4H2022i3Hv5AABXzZk2L8f	ADE	64	68	slow
SMM4H2022dhm1xAAVSI78AaPs	ADE	110	119	tolerance
SMM4H2022dhm1xAAVSI78AaPs	ADE	126	139	come too fast
SMM4H2022H2y7tIWTfGW2hSPA	ADE	20	32	PEE SO OFTEN
SMM4H20224nVWoTr0t5jhAOWB	ADE	79	93	feel like crap
SMM4H2022K6HmHdLrmOTP8kLu	ADE	52	62	forgetting
SMM4H2022SS3CH0ZtRq3Iylul	ADE	70	79	impotency
SMM4H2022syeOpqTNcCojbIKL	ADE	74	84	withdrawal
SMM4H2022DSXTJ9dadWv42b8p	ADE	85	95	withdrawal
SMM4H2022dyJQ8uRcERIeig3X	ADE	83	105	don't feel fully human
SMM4H2022ALmDT6c4USZ5YtXk	ADE	3	8	sleep
SMM4H2022ALmDT6c4USZ5YtXk	ADE	60	71	gain weight
SMM4H2022CfQKFwnnrCM7Nv5t	ADE	10	21	no appetite
SMM4H2022fbLWEdM10jNNhadr	ADE	13	18	hyper
SMM4H2022fkNPin1wPBKDWLJW	ADE	28	39	never sleep
SMM4H2022fkNPin1wPBKDWLJW	ADE	74	103	may NOT switch your brain off
SMM4H2022fkNPin1wPBKDWLJW	ADE	114	124	Exhaustion
SMM4H2022HZorlDAQJpMis0BF	ADE	61	65	sick
SMM4H2022HZorlDAQJpMis0BF	ADE	70	84	twice as drunk
SMM4H2022VMsOVD2YeNm0mbtr	ADE	23	29	energy
SMM4H2022EKRwimbgcDYzeQdU	ADE	42	47	tired
SMM4H2022EKRwimbgcDYzeQdU	ADE	49	55	sleepy
SMM4H2022JntsE2UVvCXCwZpq	ADE	75	85	bad dreams
SMM4H2022km5fGAOne9TFs27r	ADE	27	38	withdrawals
SMM4H2022Yy2trmjsiA89iyQ4	ADE	0	15	Just about dead
SMM4H20223iksFjCXDsnLK63a	ADE	24	30	weight
SMM4H2022Uxgvy7afbQQnAYbG	ADE	62	71	tiiiiired
SMM4H2022WQin04z4gzP4CHBl	ADE	70	81	weight gain
SMM4H2022ozEQkjYmwBBky9J7	ADE	0	21	Sleeping my life away
SMM4H2022TUGT2g7fAPHTookA	ADE	68	76	Numbness
SMM4H2022TUGT2g7fAPHTookA	ADE	81	89	tingling
SMM4H2022ZMWP7uu8DDee5rj5	ADE	129	135	drowsy
SMM4H2022tMEm1ZAVS83hBkbV	ADE	17	22	dizzy
SMM4H2022JNpcKWvImHDtO8d7	ADE	73	81	sedating
SMM4H2022FD41kTlV0Pa2rups	ADE	42	63	portions Prob too big
SMM4H2022C8kbNoRGaV0Utawz	ADE	75	91	heart arrhythmia
SMM4H20225v9pLL9CGYKArBXx	ADE	28	32	haze
SMM4H2022RLrjIm7fzglqh3Ij	ADE	25	31	zombie
SMM4H2022N8ZAaLlNfYnWq3zi	ADE	45	49	sick
SMM4H20224HuhE0LeKyc1byX8	ADE	45	54	tiredness
SMM4H2022pB7uOkY2vK6u6r70	ADE	43	49	hungry
SMM4H2022WI8nfux1aOZdZniT	ADE	32	40	Headache
SMM4H2022WI8nfux1aOZdZniT	ADE	72	81	back pain
SMM4H2022QGum4mwFq0oV1OwP	ADE	32	41	Neck ache
SMM4H2022QGum4mwFq0oV1OwP	ADE	52	65	shoulder ache
SMM4H2022QGum4mwFq0oV1OwP	ADE	73	82	back pain
SMM4H202219OvcgsUmSN1NSYH	ADE	103	112	back pain
SMM4H2022nnKZ38b67fiFNqTm	ADE	44	56	pain in neck
SMM4H2022nnKZ38b67fiFNqTm	ADE	58	62	hips
SMM4H2022nnKZ38b67fiFNqTm	ADE	67	71	legs
SMM4H20225A5ixo4fUvDfinqa	ADE	127	132	aches
SMM4H2022S8i2bZCVQF3z8VCv	ADE	32	37	Aches
SMM4H2022uMS9VCaK3us1aB3d	ADE	18	28	nightmares
SMM4H2022tDmnc4MB0Th0A0r7	ADE	48	54	crabby
SMM4H2022tDmnc4MB0Th0A0r7	ADE	113	132	sluggish and groggy
SMM4H2022H0gMTonqCL6N3bbA	ADE	87	92	dizzy
SMM4H2022H0gMTonqCL6N3bbA	ADE	97	110	lightheadeded
SMM4H2022Bl9QQzATn43c1Yy6	ADE	14	24	gain 18 kg
SMM4H2022FBp9RJQIOciE7mMb	ADE	56	76	get the horn my life
SMM4H2022j1554hA8K0YRJe81	ADE	43	53	withdrawal
SMM4H20221sEuriQTlAf7iaHf	ADE	26	32	sleepy
SMM4H2022Kww3YHEoJMqyMD1D	ADE	23	27	pain
SMM4H2022Kww3YHEoJMqyMD1D	ADE	70	76	zombie
SMM4H2022fgCGEtUqn8nmFUDy	ADE	60	75	sleeping 15 hrs
SMM4H20228eLoQlC3EDFTReAm	ADE	68	91	crazy shit in my dreams
SMM4H2022WEo7HOmP9R3z9dO7	ADE	19	24	tired
SMM4H2022WEo7HOmP9R3z9dO7	ADE	38	46	nap time
SMM4H20229YdVV8DZjhjKPr0l	ADE	34	44	passes out
SMM4H2022fBpK6etde816Ko36	ADE	91	100	Zombiness
SMM4H20225Sy13S7rJEAcS2NY	ADE	66	72	hungry
SMM4H2022tVeo0MR1t4FiRQEe	ADE	78	93	sleep paralysis
SMM4H2022qbHXYaxnxBbXJYv8	ADE	35	46	memory loss
SMM4H2022gcQWk1MxyiIntv4u	ADE	99	112	gained weight
SMM4H2022IRGUA1schp8UHRbl	ADE	107	112	loopy
SMM4H2022qHkMuhRP5UFutF44	ADE	14	23	dry-mouth
SMM4H20222d8jxsMDM4WhUuYB	ADE	100	116	sinuses close up
SMM4H20224o1An6R3PtGode71	ADE	103	114	weight gain
SMM4H20224o1An6R3PtGode71	ADE	133	137	pain
SMM4H2022Nofqpu6Q9UEvVqfb	ADE	73	96	screwing with my memory
SMM4H2022syIueEdKqHVarNsJ	ADE	0	8	lucidity
SMM4H2022Hr4au6471ahBpITz	ADE	59	65	zombie
SMM4H2022rUm69HCcUtP1XPYl	ADE	55	70	barely function
SMM4H2022VTtPDoSgwmUeo0cr	ADE	27	38	zombie-ness
SMM4H2022KqwHA2c0kd7Q3ORA	ADE	11	14	RLS
SMM4H2022gkCRHJCj27A8gvJt	ADE	35	44	fucked up
SMM4H2022LdaWCC7cavliqrmZ	ADE	66	75	crazy ish
SMM4H2022IUE0W24lLuMPN5NV	ADE	38	43	angry
SMM4H2022IUE0W24lLuMPN5NV	ADE	59	64	awake
SMM4H2022tBw9BPNHdU4tjBG8	ADE	31	55	taken control of my eyes
SMM4H20225U0DukgJOV31JoB4	ADE	103	115	crazy dreams
SMM4H20229TPaYSQmo2EOEoOn	ADE	36	44	priapism
SMM4H2022khnltzeX4RiU5E7z	ADE	45	63	sleep for dayyssss
SMM4H2022iJKQLw1MojrTHLAh	ADE	53	64	weight gain
SMM4H2022lIbHs6WKFsgdsGg1	ADE	46	64	sleep for 11 hours
SMM4H2022b3AyYCx2eQzpyg7j	ADE	44	62	troubles waking up
SMM4H2022xVeu7mqpTExcnhpC	ADE	7	15	allergic
SMM4H2022rFR7OHZncJ5qJYJK	ADE	120	125	dopey
SMM4H2022KKp0JvhvMqvtDOo7	ADE	47	71	barely keep my eyes open
SMM4H2022lShOWF1jYmOfSiae	ADE	126	135	migraines
SMM4H2022lfxAiSA6X0KRAUSG	ADE	75	80	tired
SMM4H2022OfiVeH7GDRVcmUZ1	ADE	68	74	sleepy
SMM4H2022sru9Ikru9bSatyDc	ADE	62	78	holes in my head
SMM4H2022zQXawl19k8ZZUg8l	ADE	26	50	dream all types of crazy
SMM4H2022GGa7SBYJSRZPem8v	ADE	15	20	hives
SMM4H20226s9AGprWbhMfxSfQ	ADE	31	42	passing out
SMM4H2022bCHkz6W4813EU0RF	ADE	10	18	hangover
SMM4H2022bCHkz6W4813EU0RF	ADE	23	31	dry eyes
SMM4H20221OS3SoaW7RRfMzhV	ADE	134	139	veins
SMM4H2022Ji530Wb6d4csA80c	ADE	70	93	immune system went poof
SMM4H2022JapKia2IrtoOhqX4	ADE	59	69	withdrawal
SMM4H2022B28eydaPse6S2dY5	ADE	58	73	disturbed sleep
SMM4H2022B28eydaPse6S2dY5	ADE	80	90	bad dreams
SMM4H20224FIB44myPxZzS2Sc	ADE	23	33	itchy skin
SMM4H2022pKHnj50GSdL5PeCb	ADE	7	25	siiiiiiiiiiiiiiick
SMM4H20225SPioby3w0L2qKd1	ADE	42	53	withdrawals
SMM4H20225SPioby3w0L2qKd1	ADE	94	123	electric shocks in your brain
SMM4H20223L0YfQAy5OoOogCI	ADE	12	22	withdrawal
SMM4H20222eYxdX6iaPteGbsN	ADE	60	78	messed up my sleep
SMM4H2022X8IvS6mJ3GRtZAY8	ADE	19	25	zombie
SMM4H20223jdOYomIfrkylhrM	ADE	75	81	nausea
SMM4H2022VIrosJVqyRXIE7Vf	ADE	8	33	kidneys have been swollen
SMM4H202244a5ybslPiAVN0ix	ADE	14	22	no sleep
SMM4H2022mMx6sMePlQ00mGEE	ADE	28	37	jacked up
SMM4H2022H9ih7iOHA3QbQFMZ	ADE	37	49	stomach hurt
SMM4H20224f9yPHG1VTBzI6Li	ADE	62	74	heart attack
SMM4H2022yJkbvCqCu3tyu306	ADE	7	16	irritable
SMM4H2022HY2QGDV7TwmNTuMx	ADE	23	30	crazier
SMM4H2022P9a0RTyJVdPO1aIK	ADE	54	66	not sleeping
SMM4H2022dgrdzfStLmsl3rqN	ADE	82	85	OCD
SMM4H20224NXOUAq1w2iOICs4	ADE	44	53	stressful
SMM4H2022B1bAOXsfrbRejR4I	ADE	17	33	brain is melting
SMM4H2022toEr2OzZBBPoe4XW	ADE	39	47	headache
SMM4H2022toEr2OzZBBPoe4XW	ADE	49	54	anger
SMM4H20229RZPfaWoFF8yL3D5	ADE	31	40	can't eat
SMM4H20225agVQKrNOsJxVe6x	ADE	28	66	sleeping schedule of a fucking vampire
SMM4H2022qy94TKLf0gBVUetm	ADE	2	16	lost 17 pounds
SMM4H2022iwdyYdp1mr8gUygc	ADE	21	26	tweak
SMM4H2022LenoQcd8ciuvOenL	ADE	21	29	Tweaking
SMM4H2022AgCk6dWzXSV5mgLw	ADE	38	49	tweakin out
SMM4H2022EWIstrQb1ESqxC0n	ADE	23	57	grinds the shit out of their teeth
SMM4H2022uufS75mVtVAYMcxM	ADE	24	42	rid of my appetite
SMM4H2022pOtGf3FNgANQpAhu	ADE	41	47	shakes
SMM4H2022tUUvVTfGxY1k6WGV	ADE	23	26	hot
SMM4H2022RpoiFlsztduCC4Ru	ADE	23	26	hot
SMM4H2022we8lRtVigLQ4Q5wt	ADE	69	86	heart was hurting
SMM4H2022WvFAu5nku7om54Ek	ADE	58	70	TWERK ME OUT
SMM4H20224Z90PHiqLbGKnBdU	ADE	18	29	All nighter
SMM4H2022xNCpmUEAI9NajDbb	ADE	117	128	can't sleep
SMM4H2022h69JBNLyXNE3pkYA	ADE	59	65	addict
SMM4H2022QoseXF8Z2TmaNKM8	ADE	2	15	haven't slept
SMM4H2022s4WOJgRWINEXPdE8	ADE	55	71	hating the world
SMM4H2022yHqk8UsoKbCvtyFQ	ADE	124	130	drowsy
SMM4H2022fucIkOVIsfbkLpC2	ADE	42	59	just eat, and eat
SMM4H2022j0IXtdSjhIKqhQJt	ADE	25	38	sleep walking
SMM4H2022pecxywPt1pWY7DMi	ADE	30	62	Central nervous system breakdown
SMM4H2022T5GKdXkKdguYMO1J	ADE	61	66	tired
SMM4H2022T5GKdXkKdguYMO1J	ADE	67	73	sleepy
SMM4H2022T5GKdXkKdguYMO1J	ADE	74	77	fog
SMM4H2022MBY8VwAXENOjmo6E	ADE	69	75	gorked
SMM4H2022TeRcLIkhRFSjAG9n	ADE	23	47	make me a bigger asshole
SMM4H20228RAPVxS7nPLWDhCX	ADE	45	56	can't sleep
SMM4H20223tGVIB9pr26y53RR	ADE	114	122	dry nose
SMM4H20223tGVIB9pr26y53RR	ADE	125	131	throat
SMM4H2022SmguJYNnZzz2u3hK	ADE	49	69	erectile dysfunction
SMM4H20223oXuus6dMq4a3ECW	ADE	49	69	erectile dysfunction
SMM4H2022p4qBo2g51yhbKG1G	ADE	27	36	halitosis
SMM4H2022FuuCWb2hRihWsm7y	ADE	102	112	tendonitis
SMM4H2022Fd9uTly6Pc1HSjeD	ADE	59	66	disable
SMM4H2022Fd9uTly6Pc1HSjeD	ADE	127	135	crippled
SMM4H2022w6MjVyz7cjHkxD6W	ADE	45	60	Felt like chemo
SMM4H2022QWuAHprKnkrUV9SL	ADE	23	30	vampire
SMM4H2022FRzuYeMT7vcRQKru	ADE	21	45	destroyed my entire body
SMM4H2022FRzuYeMT7vcRQKru	ADE	66	75	Bedridden
SMM4H2022gjcv3n1S3FapcE6J	ADE	25	44	killing""  my tummy
SMM4H2022r4fjjVXBdSqmegja	ADE	86	99	septic c diff
SMM4H2022VEIISYQFjrM4wqiu	ADE	57	66	Can't run
SMM4H2022062QZvnId6lFAATp	ADE	33	37	sick
SMM4H2022gcWJC6D35W902jGc	ADE	68	73	dizzy
SMM4H2022gcWJC6D35W902jGc	ADE	78	82	sick
SMM4H2022gcWJC6D35W902jGc	ADE	91	99	crippled
SMM4H2022FZxaIlZvyhjrfHme	ADE	98	106	CRIPPLED
SMM4H2022p1c1TRSRd7frKOKR	ADE	62	70	crippled
SMM4H2022xWdqgd2FBs3O1auX	ADE	33	49	nearly killed me
SMM4H20220u8ovihVsFTXxxRh	ADE	10	18	allergic
SMM4H2022sxU3QPPJsu3DFnDQ	ADE	39	44	dying
SMM4H2022PVHMXQxmLdnB6ig1	ADE	83	89	nausea
SMM4H20225Vwfb1MwuMO4Oa9o	ADE	51	59	headache
SMM4H2022nUO86zf9pMZYxG7X	ADE	26	35	addictive
SMM4H2022UTtX1JuD8qfxNC7S	ADE	51	61	withdrawal
SMM4H2022dYlm5G9cmQXUh8q0	ADE	67	140	might notice if I got hit in the crotch w/ a lance in a jousting accident
SMM4H2022s1oCDCMu3Mn7qjDC	ADE	54	64	discomfort
SMM4H2022TOneUeij1Xhmo0lW	ADE	21	40	Stress Incontinence
SMM4H2022TOneUeij1Xhmo0lW	ADE	64	95	like Niagara Falls when I cough
SMM4H2022YzNxe8kmI5VdaWVv	ADE	100	111	no appetite
SMM4H2022RIqhVYo8kTlLRRSW	ADE	68	84	could not orgasm
SMM4H2022RDhUlaEonDXdjEL5	ADE	132	143	withdrawals
SMM4H2022bluZIbSjcqlpK1HK	ADE	115	139	raised my blood pressure
SMM4H202251tVgZba1WOrvlx8	ADE	55	61	nausea
SMM4H202251tVgZba1WOrvlx8	ADE	63	72	dry mouth
SMM4H202251tVgZba1WOrvlx8	ADE	74	86	constipation
SMM4H202251tVgZba1WOrvlx8	ADE	88	96	diarrhea
SMM4H202251tVgZba1WOrvlx8	ADE	98	105	fatigue
SMM4H202251tVgZba1WOrvlx8	ADE	109	128	THOUGHTS OF SUICIDE
SMM4H2022TheRW90ev2lYzVVg	ADE	37	46	miserable
SMM4H202258FvhaxZxRk2V4IT	ADE	9	19	withdrawal
SMM4H2022lyrxXpt18eofAiWb	ADE	57	62	tired
SMM4H2022Z2ES2fjAfhaBNcxS	ADE	41	51	exhausting
SMM4H20229Rn8yo1MjEJTf4gj	ADE	75	87	slept 10 hrs
SMM4H2022BYWVC7Nlawo5I1rq	ADE	47	69	heart started lurching
SMM4H2022LRVyrr1dv9S3ktPL	ADE	1	26	Coming off cymbalta SUCKS
SMM4H2022l00VIA6gNIXFAo9A	ADE	30	55	Getting off of it is HELL
SMM4H2022LNZC6MHk9dKqkt8R	ADE	78	84	sweats
SMM4H2022LNZC6MHk9dKqkt8R	ADE	86	94	migraine
SMM4H2022LNZC6MHk9dKqkt8R	ADE	96	103	tremors
SMM4H20224GGGFgLX5mTcVE4d	ADE	91	100	interacts
SMM4H2022MDgFjIb4Qjvnk0vN	ADE	18	25	thirsty
SMM4H2022MDgFjIb4Qjvnk0vN	ADE	48	70	mouth is painfully dry
SMM4H2022MDgFjIb4Qjvnk0vN	ADE	75	115	feels like the Sahara desert in my mouth
SMM4H2022ClEFOy3Ew8uaNIKE	ADE	21	29	hangover
SMM4H2022rjPbvb3lGAPmJiY2	ADE	96	130	turn peaceful people into the hulk
SMM4H2022tmrRi9fof1noVM3x	ADE	52	71	feel sooooooo weird
SMM4H2022U7SELFgeAs5KACy3	ADE	53	58	tired
SMM4H2022U7SELFgeAs5KACy3	ADE	63	70	anxious
SMM4H2022qgN8qPxOJ92vNLqa	ADE	9	20	withdrawals
SMM4H2022qgN8qPxOJ92vNLqa	ADE	42	58	Head is spinning
SMM4H2022qgN8qPxOJ92vNLqa	ADE	60	78	Blood pressure low
SMM4H2022rass5RgZWRFxBDl8	ADE	54	80	appetite is still terrible
SMM4H2022GjmezMXOnZSIXNXV	ADE	17	34	driving me insane
SMM4H2022zujqEmfxeCSALVCy	ADE	49	59	withdrawal
SMM4H2022eKYQej7Ww6In6nE6	ADE	63	74	asleep 24/7
SMM4H2022wohqZSVhGxU89r7F	ADE	78	82	rash
SMM4H20225aQ966QH3SnGVlck	ADE	34	47	jaw clenching
SMM4H20224nX02OpAo3xFQIux	ADE	36	47	withdrawals
SMM4H2022GzBkzX3mGwAQSM72	ADE	71	81	withdrawls
SMM4H2022GzBkzX3mGwAQSM72	ADE	89	98	miserable
SMM4H2022GzBkzX3mGwAQSM72	ADE	118	123	angry
SMM4H20222UE69ALYl7RRg2bj	ADE	59	75	LOSS OF APPETITE
SMM4H20227xCSdTFyNsEhFXwQ	ADE	15	22	shaking
SMM4H2022KAcqlnWrJf7QjzGV	ADE	54	89	feels like when you come off heroin
SMM4H2022yQ63qISVE7emLlk0	ADE	46	51	dizzy
SMM4H2022yQ63qISVE7emLlk0	ADE	56	63	wrecked
SMM4H2022tLhAYSaViLNdnCYn	ADE	48	58	withdrawal
SMM4H2022RCSUJ1RI95RYhjbo	ADE	18	28	Brain Zaps
SMM4H2022MxsNO1PDz4A8Lw3J	ADE	127	138	lightheaded
SMM4H2022eCgsvYg9GLsAXnOT	ADE	43	49	hungry
SMM4H2022eCgsvYg9GLsAXnOT	ADE	51	56	dizzy
SMM4H2022eCgsvYg9GLsAXnOT	ADE	62	71	lethargic
SMM4H2022eCgsvYg9GLsAXnOT	ADE	100	111	weight gain
SMM4H2022kSXVxN3Xk2ZzoJ3A	ADE	8	18	withdrawal
SMM4H2022ARZUgn2FIBnCWhfi	ADE	36	47	Sleep cycle
SMM4H2022ARZUgn2FIBnCWhfi	ADE	52	59	quality
SMM4H2022XX0W59quyJLS48hy	ADE	1	19	Stomach discomfort
SMM4H2022XX0W59quyJLS48hy	ADE	21	28	flushed
SMM4H2022XX0W59quyJLS48hy	ADE	30	38	sweating
SMM4H2022XX0W59quyJLS48hy	ADE	46	49	jaw
SMM4H2022wSQArZCkJCmWdyn8	ADE	29	44	kills my libido
SMM4H2022ucRrwEcJlSvt4oBx	ADE	22	34	boner killer
SMM4H2022AAVR0law3LJiLXDl	ADE	53	63	Brain zaps
SMM4H2022vfqW5uaG4UucVW4E	ADE	77	97	descent into madness
SMM4H2022klMLkUk3yK9aztcr	ADE	0	8	Headache
SMM4H2022klMLkUk3yK9aztcr	ADE	15	27	stomach ache
SMM4H2022YkgPmMOwErimq7L1	ADE	61	76	stopped working
SMM4H2022WphYz2eF1FK4DZDx	ADE	14	40	feeling like a train wreck
SMM4H2022WphYz2eF1FK4DZDx	ADE	42	50	tweaking
SMM4H2022hVQH4IKdoLKCVU5x	ADE	95	109	ability to cum
SMM4H2022yG4jBiv5xkyFVH8j	ADE	28	44	sucidal thoughts
SMM4H2022yG4jBiv5xkyFVH8j	ADE	47	55	insomnia
SMM4H2022yG4jBiv5xkyFVH8j	ADE	58	70	feeling high
SMM4H2022yG4jBiv5xkyFVH8j	ADE	77	90	unresponsible
SMM4H2022yG4jBiv5xkyFVH8j	ADE	93	102	Dry mouth
SMM4H20229te2pYLERl3XwUU2	ADE	67	83	gained 80 pounds
SMM4H2022lTOGtAT03VGRb49j	ADE	12	18	dreams
SMM4H2022BDsCCuJxbXw7P8xn	ADE	42	72	not making me feel so awesome.
SMM4H2022gu2qDsUv8HaU0Seh	ADE	24	34	withdrawal
SMM4H2022sqkO4dfdGrpUt18Y	ADE	6	30	discontinuation syndrome
SMM4H2022ELsH0dnNMxxWrqoX	ADE	8	14	dreams
SMM4H2022vvaem8WDFoTzCktw	ADE	21	30	withdrawl
SMM4H2022vvaem8WDFoTzCktw	ADE	117	130	memory damage
SMM4H2022qYBSll8JfY6BAIpD	ADE	20	61	falling into a realm of utter disillusion
SMM4H2022h8azaGU0O4CiZ2sh	ADE	131	135	sick
SMM4H2022laVNkqCzkHwJ9BbD	ADE	62	96	feel like you're on your death bed
SMM4H2022dFLW3stRXTw4YBka	ADE	51	60	depressed
SMM4H2022dFLW3stRXTw4YBka	ADE	70	78	suicidal
SMM4H2022FEhqjrKVQSGPLlig	ADE	16	27	withdrawals
SMM4H2022FEhqjrKVQSGPLlig	ADE	57	78	don't have the energy
SMM4H2022BGmR7jIjpjfMJsob	ADE	20	34	Dilated pupils
SMM4H2022BGmR7jIjpjfMJsob	ADE	39	52	blurry vision
SMM4H2022BGmR7jIjpjfMJsob	ADE	57	63	nausea
SMM4H2022BGmR7jIjpjfMJsob	ADE	68	77	headaches
SMM4H2022AzcnjAFctmoPlWl7	ADE	121	130	bloodbath
SMM4H202250ylL3sU0aqMkWTm	ADE	127	140	stop breathin
SMM4H2022uLDtSilc7aDvoc2j	ADE	24	28	rash
SMM4H2022PIUCLftim4JpC40d	ADE	18	35	allergic reaction
SMM4H2022PWXMXfzdqBzSXKI1	ADE	28	32	acne
SMM4H2022ZbU3OS6ACQNdUQ84	ADE	11	26	stopped working
SMM4H2022hE9yD28oJ9YY1CvQ	ADE	32	43	gain weight
SMM4H2022f9Jb5YtPXkI759Hz	ADE	52	67	awake all night
SMM4H2022f9Jb5YtPXkI759Hz	ADE	72	83	feeling ill
SMM4H2022VNkYcSdKJuXai3Mi	ADE	57	62	drunk
SMM4H2022IWqStTJ4spifUzTD	ADE	42	68	feeling like absolute shit
SMM4H2022BBOxUhw0M7axAFEe	ADE	68	74	shakes
SMM4H2022bBnZ2RcjyzNH07Hf	ADE	129	141	space me out
SMM4H2022q2puzATR1i7AbHcK	ADE	87	93	tiered
SMM4H2022eHywHXdNXiSAHcmS	ADE	73	78	shaky
SMM4H2022eHywHXdNXiSAHcmS	ADE	83	88	tired
SMM4H2022eHywHXdNXiSAHcmS	ADE	112	122	withdrawal
SMM4H2022r4pIR1A1UCgEgkIF	ADE	89	114	plot to steal my thoughts
SMM4H2022vNQMda7ZawZo1BbE	ADE	114	124	bad dreams
SMM4H2022Gqgf3QASJbgVChMd	ADE	103	108	vomit
SMM4H2022Gqgf3QASJbgVChMd	ADE	119	131	lost 4 stone
SMM4H2022mFiJb6L7rXo56hwu	ADE	27	34	BURPING
SMM4H2022B31hCiii8RyZRJmm	ADE	37	51	knocked me out
SMM4H2022RgSmVGvleWX4syvO	ADE	73	78	dizzy
SMM4H2022RgSmVGvleWX4syvO	ADE	83	88	tired
SMM4H20226EwJFvqzOUhxPWwL	ADE	23	31	sweating
SMM4H2022MXYlUvRMwQXtFGB0	ADE	72	85	panic attacks
SMM4H2022NSF3f7WCvsYusZ6I	ADE	55	69	lose my temper
SMM4H20227o8o0dhatOkIGXaF	ADE	91	108	suicidal thoughts
SMM4H20227o8o0dhatOkIGXaF	ADE	113	135	stops you from jizzing
SMM4H2022GEXWCPbpJZFvQKJ6	ADE	70	78	suicidal
SMM4H2022Nkj28TKywZjC1gdu	ADE	0	21	Restless Leg Syndrome
SMM4H2022cMk3mgn6TucH0Ii7	ADE	127	134	fatigue
SMM4H2022X5APSNgz2YHwa2FD	ADE	92	102	withdrawal
SMM4H2022iG49u6NUsxWD1muk	ADE	114	124	joint pain
SMM4H20227tZjvCnM6cjdrXHG	ADE	25	30	dream
SMM4H2022evMytCQ50XLUDsg5	ADE	59	67	reaction
SMM4H2022qkKUslg4TT9V1kaW	ADE	47	61	feel like shit
SMM4H20225350ANqVPf0C31MW	ADE	30	46	Killed my libido
SMM4H2022JzNSuPwa9su5ohnB	ADE	65	73	reaction
SMM4H2022TWdZW9m0UeNmLgTP	ADE	27	42	want to be sick
SMM4H2022pS2I98YqI29wS0KZ	ADE	43	67	dead from the waist down
SMM4H2022i2wSiq1cUldIXNS7	ADE	29	38	headaches
SMM4H2022i2wSiq1cUldIXNS7	ADE	52	56	yawn
SMM4H2022A4gYDzqKBvuAWMp0	ADE	13	19	sweaty
SMM4H2022A4gYDzqKBvuAWMp0	ADE	31	37	addict
SMM4H2022S31mAi9nxpEeGiBK	ADE	110	114	hurt
SMM4H2022d9nroBkQXKR0DTQi	ADE	34	76	Potato Drug bcuz that's what I looked like
SMM4H2022fqBfjrKHi63Mo3g1	ADE	13	19	puking
SMM4H2022fqBfjrKHi63Mo3g1	ADE	29	37	headache
SMM4H2022fqBfjrKHi63Mo3g1	ADE	46	59	throat is raw
SMM4H20220f3PALCpp3lH0XZu	ADE	45	51	sleepy
SMM4H2022Tiy7hiLIOPBYdgnD	ADE	107	115	reaction
SMM4H2022M4wKld1BqZ2I2Sz2	ADE	24	29	tired
SMM4H2022ZTgGijyROjQG0NbF	ADE	53	68	stopped working
SMM4H2022EQhFueU6fmwnVVnI	ADE	14	32	lost effectiveness
SMM4H2022SwQHSWwNeonF1zEo	ADE	78	85	beat up
SMM4H2022Gg7w7WoNoqJeESDg	ADE	4	25	loosing so much blood
SMM4H2022Jsdvj1DPYma25ODb	ADE	95	103	hairloss
SMM4H2022jZHRklWqLQBB2OaM	ADE	11	18	painful
SMM4H2022MHQqVJ9gXgoFfU8N	ADE	55	60	bloat
SMM4H2022SB0VUCBbXWmzlqDe	ADE	41	65	urinary track infections
SMM4H20225rrNhlc3GGvpqMLM	ADE	57	62	tired
SMM4H2022LRLZrfS9lKPYGPku	ADE	103	110	hurting
SMM4H2022I63hWDR1vHNh3t1w	ADE	41	47	nuasea
SMM4H2022I63hWDR1vHNh3t1w	ADE	52	66	low grade temp
SMM4H20226Cf5xYECrJTkfTGC	ADE	90	96	BURNED
SMM4H2022wUUh6uKW6g5pUnaj	ADE	36	47	after-sting
SMM4H2022Axgh6sxkzZSM7JrK	ADE	112	129	knocking me about
SMM4H2022qQ8IIFT6jY4c9Ayd	ADE	6	16	pooped out
SMM4H2022htiXHn1a9WXTEizQ	ADE	75	89	felt like acid
SMM4H2022htiXHn1a9WXTEizQ	ADE	125	136	lupus flare
SMM4H2022tOBC3dN2o2mfD6qo	ADE	84	94	joint pain
SMM4H2022YPrEpqGssoSNOOzG	ADE	104	112	hairloss
SMM4H2022xVAZP89Nr4dExtf8	ADE	33	40	painful
SMM4H2022E5KD7ryYjUhKdB9n	ADE	98	103	hurts
SMM4H2022vzyajcGwOxeXh5HG	ADE	71	75	pain
SMM4H2022Gb5i1gEuNL1JaNnm	ADE	51	83	doesn't even work for me anymore
SMM4H2022Gb5i1gEuNL1JaNnm	ADE	110	114	sick
SMM4H2022ify6gdv3olKzTJeE	ADE	63	67	pain
SMM4H20221lTcafmQ8AZXXzH4	ADE	67	75	wear-off
SMM4H2022eVz9Erzq5gm6G8xe	ADE	7	12	sting
SMM4H2022jLJZ2KJEOUKaB6ZV	ADE	15	28	BURN MY VEINS
SMM4H2022UbTBpVTbvz5Wosx1	ADE	3	7	pain
SMM4H2022faVpkk1TiM53ZhnR	ADE	39	56	respiratory probs
SMM4H20220dDMEZyjlVgUvfEc	ADE	62	78	chest infections
SMM4H20220dfKfeG9SbXFzjMn	ADE	113	117	lung
SMM4H2022qQ6UeNNaVgiN6wQ4	ADE	132	138	raging
SMM4H2022XbM5a4xKcOtyLOAR	ADE	56	63	anxious
SMM4H2022XbM5a4xKcOtyLOAR	ADE	68	77	insomniac
SMM4H2022RQvgCnlNbRkeEBBJ	ADE	65	73	allergic
SMM4H2022RQvgCnlNbRkeEBBJ	ADE	114	117	SJS
SMM4H2022TGcBnnxXonym8uh9	ADE	11	14	ADD
SMM4H2022TGcBnnxXonym8uh9	ADE	39	45	memory
SMM4H2022TGcBnnxXonym8uh9	ADE	46	63	attention-killing
SMM4H20228hPSjBXAWIrU4IB0	ADE	77	81	rash
SMM4H2022uKZWqeRLMXETBN85	ADE	4	16	restlessness
SMM4H2022uKZWqeRLMXETBN85	ADE	21	29	insomnia
SMM4H20225oLPZNJ3XRjJQ093	ADE	65	69	rash
SMM4H2022bq1w5QJYB9wh3Pi9	ADE	45	49	flat
SMM4H2022jvdxjy8gfnzvFcs7	ADE	95	112	allergic reaction
SMM4H2022ArI0KRslzHkUi1Gz	ADE	106	120	gaining weight
SMM4H2022yuU68mIeNJUO3Drm	ADE	9	12	nap
SMM4H2022Mw6edfmwXYdweLoQ	ADE	36	47	skin issues
SMM4H2022iDdsG0ldqjedpC68	ADE	9	19	withdrawal
SMM4H2022iDdsG0ldqjedpC68	ADE	29	37	STARVING
SMM4H202261V6dGOokW8Cgdxe	ADE	28	34	sleepy
SMM4H2022ZHmeK9S7PyMWHAt4	ADE	76	93	fewer hours sleep
SMM4H2022026SZ7XhF4Ucs3sx	ADE	117	128	won't sleep
SMM4H2022mgFGNcp1EWfqRHXL	ADE	34	43	Exhausted
SMM4H2022mgFGNcp1EWfqRHXL	ADE	48	54	grumpy
SMM4H2022tSjYN8SLoPuqHBYW	ADE	38	47	headaches
SMM4H2022kaGXtmlkGxZRanK7	ADE	76	81	tummy
SMM4H2022kaGXtmlkGxZRanK7	ADE	83	92	tiredness
SMM4H2022kaGXtmlkGxZRanK7	ADE	102	114	disconnected
SMM4H2022SaArkzrtkOceimKp	ADE	63	73	joint pain
SMM4H2022iD50rHr1WVpMtQKW	ADE	31	46	hyper-sensitive
SMM4H2022f1LzZxlNvXdROvNs	ADE	7	28	dreadful nights sleep
SMM4H2022f1LzZxlNvXdROvNs	ADE	30	40	joint pain
SMM4H2022YiDLcmgGiTGLPo8C	ADE	43	47	pain
SMM4H2022YiDLcmgGiTGLPo8C	ADE	78	88	poor sleep
SMM4H2022NaTKaMbeEJTjrHo7	ADE	60	64	pain
SMM4H2022AISw5FPG7eNSLWCQ	ADE	93	96	cry
SMM4H2022NY00eM2bePjHHvc9	ADE	13	22	headaches
SMM4H2022Jik0GSJ7wR3DJsdv	ADE	18	38	staying up all night
SMM4H2022ebO1FHbDW6eebSSb	ADE	114	139	tipped me to a dark place
SMM4H2022d5mqh9phDSUzw4pu	ADE	94	98	rash
SMM4H2022WZvl4j7gwnjbwKkk	ADE	0	17	Allergic reaction
SMM4H2022bOKYZdrMSpsPftQ3	ADE	0	17	Allergic reaction
SMM4H2022Q3FszMOmOWIZJF9o	ADE	0	17	Allergic reaction
SMM4H2022jIjl2W6ZcejhZdl2	ADE	0	17	Allergic reaction
SMM4H2022DBzMpWhanwGpJHQx	ADE	0	17	Allergic reaction
SMM4H2022iQrbsjDDBVBv7sy2	ADE	50	63	night terrors
SMM4H2022AxyGvNdOjcYHyBXE	ADE	86	90	sick
SMM4H2022qaEwlUxMC6ox2vHf	ADE	32	53	vasovagal pre-syncope
SMM4H2022qaEwlUxMC6ox2vHf	ADE	68	76	toxicity
SMM4H2022qaEwlUxMC6ox2vHf	ADE	78	92	Hard to digest
SMM4H2022z9HJDgPTdgxzbUXX	ADE	45	62	pain in my joints
SMM4H20224jO923GQofboUsf7	ADE	16	36	cannot be in the sun
SMM4H2022K1J7ItCizy9yV2nl	ADE	25	34	headaches
SMM4H2022K1J7ItCizy9yV2nl	ADE	36	44	Vomiting
SMM4H2022K1J7ItCizy9yV2nl	ADE	46	54	Diarrhea
SMM4H20223ipWqRbDRdHhcSnj	ADE	48	54	nausea
SMM4H2022r9ll4nGB7JyXPCm5	ADE	19	38	CANT FEEL MY THROAT
SMM4H2022BKBjUK5fNGBn1XCe	ADE	28	35	sweatin
SMM4H2022GZ9yzUmZTVlgvwsG	ADE	85	103	CANT FEEL MY MOUTH
SMM4H2022kMCohK9cjQSV3DBq	ADE	93	102	addiction
SMM4H2022QBVMCBS1YI4zh0Ak	ADE	112	121	addiction
SMM4H2022w94chlbBeq1HdKnw	ADE	112	121	addiction
SMM4H2022JfR594ndK5li8Bfh	ADE	112	121	addiction
SMM4H2022RiJGRe3sEmj1TTpI	ADE	12	20	allergic
SMM4H2022RiJGRe3sEmj1TTpI	ADE	40	44	Rash
SMM4H2022RiJGRe3sEmj1TTpI	ADE	57	75	Needing my inhaler
SMM4H2022F52SnXWLUpdWI1nZ	ADE	49	61	crazy dreams
SMM4H2022evwJugwG2RORCf3h	ADE	64	74	chest pain
SMM4H2022hBrH2iwKNxl7MN4w	ADE	9	17	headache
SMM4H2022CDVNNzv2toAxQTPF	ADE	72	81	addiction
SMM4H2022tjKBS4tQmdmwkXGL	ADE	80	94	stuffy sinuses
SMM4H2022tjKBS4tQmdmwkXGL	ADE	108	117	addiction
SMM4H2022YFUmje0I8hWugWti	ADE	17	60	DRIVING MY FUCKING MIND UP THE FUCKING WALL
SMM4H2022KTAe5mD0rUvQP1Jb	ADE	38	46	addicted
SMM4H2022ZYhLBNrsP5sGlCln	ADE	66	75	addiction
SMM4H2022S66FLo8YkOFIVZYy	ADE	93	109	rip out my teeth
SMM4H2022uoJTmfoeMzucpG4v	ADE	23	33	withdrawal
SMM4H2022YUoGmCW0BdyGqLOV	ADE	34	42	withdraw
SMM4H20226iva4Q88YGihapzq	ADE	9	20	withdrawals
SMM4H2022d9yTJsX8gobuZrS8	ADE	33	38	cough
SMM4H2022uNx44Ldc4GPqwFfj	ADE	71	79	addicted
SMM4H2022K7M117S89q1epBu9	ADE	28	38	withdrawls
SMM4H2022Xqt51rsD5To0guVR	ADE	29	37	CRAVINGS
SMM4H2022WvvdIzdX8s1fXXAY	ADE	9	19	withdrawal
SMM4H2022N2nBHvaxzvaRH3sE	ADE	11	19	addicted
SMM4H2022EUme5V40bCjNwXQs	ADE	21	37	going to my head
SMM4H2022RcfjoH2n1y5nQgQK	ADE	0	8	addicted
SMM4H2022Px6dpTiRIvEMCMTh	ADE	9	20	withdrawals
SMM4H2022Px6dpTiRIvEMCMTh	ADE	46	54	headache
SMM4H2022Px6dpTiRIvEMCMTh	ADE	56	65	irritable
SMM4H2022dH0MuYdGXlzGoNmV	ADE	95	105	withdrawal
SMM4H2022fltJFawztgVVZfHZ	ADE	28	55	moods are void of stability
SMM4H2022e3ajkHU6zmOTSwz7	ADE	19	27	migraine
SMM4H2022e3ajkHU6zmOTSwz7	ADE	109	120	withdrawals
SMM4H2022ZJXEf24kqLroAm1V	ADE	29	34	sleep
SMM4H20224diqRqsirsSUfzB3	ADE	45	54	addiction
SMM4H2022RDKg1ycsCd9mDBqD	ADE	24	32	sweating
SMM4H2022lJhCvFpzJdfjyGxY	ADE	37	45	allergic
SMM4H2022EcMopaUskEOrQNrH	ADE	9	19	depression
SMM4H2022lCwoLt8RcrJT61MF	ADE	36	47	weight gain
SMM4H2022uZUoPLmZ4z7alMyy	ADE	91	97	weight
SMM4H2022Qc1Sd6yvALU3esmm	ADE	64	82	put much weight on
SMM4H2022KdJL8L5n7VOxngY5	ADE	86	94	restless
SMM4H2022Vq4leJUPRbrXgwqP	ADE	42	54	oversleeping
SMM4H2022Vq4leJUPRbrXgwqP	ADE	59	69	overeating
SMM4H2022x06jwmDDK1KxxIfi	ADE	102	105	fat
SMM4H20224iRCYpvPZs5jzLa3	ADE	52	60	munchies
SMM4H2022FR6SRweggulsGGUC	ADE	46	54	munchies
SMM4H2022Y0y2uFBnP0LJAOnB	ADE	90	96	nausea
SMM4H2022Y0y2uFBnP0LJAOnB	ADE	101	110	akathisia
SMM4H2022rs505ZKXzzrUvWk1	ADE	68	76	munchies
SMM4H2022rs505ZKXzzrUvWk1	ADE	98	140	not being able to fit into summer wardrobe
SMM4H2022s5a2Mh8nEX60HnoV	ADE	40	53	put on weight
SMM4H2022WBCS85MOF3kCCb2v	ADE	25	36	weight gain
SMM4H20227AKzeH1RIC1HJ7ns	ADE	117	125	sluggish
SMM4H202218Ks3Hvkf6tFTEOP	ADE	0	36	going off of olanzapine is no picnic
SMM4H2022pYvyOEuusmYNnr7j	ADE	97	122	weight still keeps coming
SMM4H20229S31NL9uSi5NdUFw	ADE	105	122	look like a whale
SMM4H2022BcaZI7kIvjFE9TVv	ADE	83	97	olanzapine lbs
SMM4H2022CGf8dh5FnnqMX79z	ADE	74	101	interfering with my visions
SMM4H2022CGf8dh5FnnqMX79z	ADE	119	130	memory loss
SMM4H2022jfYCUrA3tVdS8z6k	ADE	41	47	drowsy
SMM4H2022jfYCUrA3tVdS8z6k	ADE	49	60	weight gain
SMM4H2022aLBQCFDBzsIek3uw	ADE	62	72	weightgain
SMM4H2022ski3UPKkd8cRXajE	ADE	71	76	sloth
SMM4H2022ski3UPKkd8cRXajE	ADE	77	88	weight gain
SMM4H2022WN8WOFJaLxxW8SUg	ADE	48	60	slept aw day
SMM4H2022WN8WOFJaLxxW8SUg	ADE	75	85	torn faced
SMM4H2022WN8WOFJaLxxW8SUg	ADE	116	128	Swollen feet
SMM4H2022Z8kHsC8x1sNXHvSu	ADE	43	56	gained weight
SMM4H2022FlQ397mvECsetNOY	ADE	99	124	symptoms of schizophrenia
SMM4H2022HS1ymDqy2sdnIhpR	ADE	33	40	crazier
SMM4H2022PrO16ldD1CCOJeYD	ADE	45	56	raging bm's
SMM4H2022PrO16ldD1CCOJeYD	ADE	58	69	mood swings
SMM4H2022PrO16ldD1CCOJeYD	ADE	74	85	weight gain
SMM4H2022sfLZPMg0kI0iBQcv	ADE	30	43	restless legs
SMM4H2022lqrn9tnVxOl6Ezm9	ADE	117	131	pinsandneedles
SMM4H20228gbwSGAA8zmlzUpd	ADE	21	32	withdrawals
SMM4H2022hjgPywhgQ5RjDihJ	ADE	110	114	fat.
SMM4H2022zdHfOCuUZ8xNZE3d	ADE	74	85	weight gain
SMM4H2022KM1gRXzT90rJ3PeR	ADE	56	69	coming off it
SMM4H20229WuqInJCgwIQpXVS	ADE	115	122	plateau
SMM4H2022YtLZ5kwcwoMag8pu	ADE	74	88	behaving oddly
SMM4H20225R3a5KbnnzsYZTLf	ADE	79	87	INSOMNIA
SMM4H2022V25EC9yTvBKDQVxQ	ADE	28	57	you are so Horny and I am NOT
SMM4H2022TfrrM5bn0xrqHXD0	ADE	78	99	hide in the apartment
SMM4H2022FgOnUazfqOff2M3Q	ADE	26	34	allergic
SMM4H2022FgOnUazfqOff2M3Q	ADE	65	69	puke
SMM4H2022mdCI8klzocUgF7A2	ADE	69	94	sleeping 12 hours a night
SMM4H2022mdCI8klzocUgF7A2	ADE	101	125	falling asleep every day
SMM4H2022LZUrNYRVwKX0avle	ADE	59	70	weight gain
SMM4H2022KfyLfKdiRJh8vXSp	ADE	14	49	gained a good seven or eight pounds
SMM4H2022GNq4yASWR8S5Fnk1	ADE	90	94	sick
SMM4H2022TOiEuGgQgaXOtxZl	ADE	115	122	vertigo
SMM4H2022QPGrOARjLDSMGw7i	ADE	68	86	gained over 20 lbs
SMM4H2022mJ4CxijIAD9p3l61	ADE	7	17	nightmares
SMM4H2022B05EzPri5d54tRod	ADE	76	85	depressed
SMM4H2022VcdSQXOnu2fkS9JY	ADE	68	75	wrecked
SMM4H2022H91nFP4YhLWrNwGH	ADE	48	57	addictive
SMM4H2022JpSY3EIPwyKwxS1p	ADE	48	58	terrifying
SMM4H2022xHRCRnJ6coxH5YVO	ADE	89	100	no feelings
SMM4H2022vtkziIxdE9BXSahP	ADE	83	87	sick
SMM4H2022fvUcgfmx3xrZqhfY	ADE	73	83	withdrawal
SMM4H2022tihPYZxb9cXtT5eU	ADE	26	35	withdrawl
SMM4H2022NyUtmQmZFamhi2RB	ADE	63	72	emotional
SMM4H2022yI9DUJZxPvwEoOJd	ADE	22	38	working any more
SMM4H2022OwG7MUasOKW7rtB6	ADE	77	97	gain unwanted pounds
SMM4H2022OwG7MUasOKW7rtB6	ADE	102	114	water weight
SMM4H2022KdiICiT7Mpxn90sK	ADE	106	115	withdrawn
SMM4H2022nsS6g0xwQgp22EDJ	ADE	31	37	orgasm
SMM4H2022HxjU4ub02DE68NxW	ADE	12	21	ejaculate
SMM4H2022ipE3cvieTtrEDDu8	ADE	104	113	depressed
SMM4H2022LwxSAcT0DlZsY18w	ADE	14	30	NOT LET ME SLEEP
SMM4H2022ddj1kakcfxb3zlbf	ADE	83	100	psychotic episode
SMM4H20223LOm3jkf3Eu7Pnr5	ADE	88	97	impotency
SMM4H202286NZCiKqkz8UFobu	ADE	88	97	impotency
SMM4H2022KrHfS7C1mmwfwMy0	ADE	76	98	value your brain cells
SMM4H2022YJiUJq6biJVzVbpB	ADE	41	58	impossible to cry
SMM4H2022aQXwpbAo4fVNCd5V	ADE	33	44	withdrawals
SMM4H2022aQXwpbAo4fVNCd5V	ADE	65	84	loss of circulation
SMM4H2022tcpxXpqackBf7PJa	ADE	80	94	face break out
SMM4H2022DFGGjwDtWyvNdmtx	ADE	11	19	allergic
SMM4H2022DFGGjwDtWyvNdmtx	ADE	79	93	face break out
SMM4H2022M9SOzfH1VHGUXDm2	ADE	79	86	numbing
SMM4H2022t5HMwnbdzjc6xwXH	ADE	104	117	random crying
SMM4H2022T7JiNZtUzFSiCsbC	ADE	62	71	brain zap
SMM4H2022T7JiNZtUzFSiCsbC	ADE	74	80	twitch
SMM4H2022HCggi4cYBkIj59IQ	ADE	24	35	withdrawals
SMM4H2022WHqHTZzUMPYdbOMS	ADE	16	26	withdrawal
SMM4H2022WHqHTZzUMPYdbOMS	ADE	39	60	eyeballs make a sound
SMM4H2022gQqazdBJYRbAEOqa	ADE	47	58	withdrawals
SMM4H2022LEKvhuoxBebIvQVd	ADE	116	122	zombie
SMM4H2022JsQw6WTPZ8raZ1py	ADE	17	29	no legit sex
SMM4H2022zNx1WaJOR2QAdlgm	ADE	39	44	dream
SMM4H2022KuRntzhEdHHsqcRx	ADE	63	72	tolerance
SMM4H2022kCPUJRTGipJVCPxa	ADE	33	38	antsy
SMM4H2022eIHMuI1G3bS5NhjR	ADE	24	38	destroy myself
SMM4H2022VY1FqbCmGph74pFs	ADE	65	71	zombie
SMM4H20221Pkw2fWoCND2SWqY	ADE	60	70	withdrawal
SMM4H2022ZBToalJoc8YZCwSW	ADE	40	43	nap
SMM4H2022WEfwh08DsES1s2L6	ADE	44	50	scared
SMM4H2022WEfwh08DsES1s2L6	ADE	90	112	need to save the world
SMM4H2022IcGRdoyQMvmaqMwq	ADE	132	143	dries mouth
SMM4H2022Wtc9oFnorbcktBHN	ADE	39	52	added 1 stone
SMM4H2022fc8Vpu4K4ehdzLWL	ADE	2	5	ate
SMM4H2022iYb75Hq3yiD2K6f5	ADE	31	52	horrid imposing dream
SMM4H2022NfhhyDj3yuBP0zKL	ADE	36	42	drowsy
SMM4H2022cWpFjic7I2jqfCmn	ADE	47	62	sleep paralysis
SMM4H2022daTAxCRnVMBBJtPu	ADE	47	53	hunger
SMM4H2022daTAxCRnVMBBJtPu	ADE	58	66	cravings
SMM4H20220uMbElqOtjP9u2vf	ADE	93	99	drowsy
SMM4H2022Z49Nz3dy2kb2BDzG	ADE	18	31	feeling weird
SMM4H2022B1nsRcPchyeubmou	ADE	61	73	not sleeping
SMM4H2022DDuEwHTmsgaKthXe	ADE	77	85	hungrier
SMM4H2022c0kmcUh8CQImSTfy	ADE	15	21	eating
SMM4H2022Z3yY0j611j5FE0AZ	ADE	27	34	fatness
SMM4H2022Z3yY0j611j5FE0AZ	ADE	83	97	weight-gaining
SMM4H2022G9hTY5lVfXwTPSsm	ADE	19	34	sleep right now
SMM4H2022045ixJVIRFBKm01D	ADE	54	60	drowsy
SMM4H2022IlSQloT3agmisTUq	ADE	99	108	nightmare
SMM4H2022S81Pz3zXHoezlVZf	ADE	38	56	need to sleep 24/7
SMM4H2022r7xn9RFshY8QAuch	ADE	40	48	headache
SMM4H2022oHbL7NVXoidxeAX9	ADE	29	34	weird
SMM4H2022XiZW64EWw6tRUuYt	ADE	1	13	restlesslegs
SMM4H2022lcIt2aBUrQc0RZQe	ADE	109	118	hangovers
SMM4H2022stJmBbeihurmfN1B	ADE	59	70	hallucinate
SMM4H2022Dp6auoulBg7P5Xbj	ADE	25	36	gain weight
SMM4H2022IxcoacFnheUtJuPQ	ADE	67	81	lucid dreaming
SMM4H2022IxcoacFnheUtJuPQ	ADE	86	101	sleep paralysis
SMM4H2022XFpkkSfGvy2aZqmg	ADE	92	98	zombie
SMM4H2022sXHYl8DHmOrlmSAR	ADE	54	60	hungry
SMM4H2022FGJq8RSUg3vz0cKI	ADE	81	89	Sweating
SMM4H2022JaGANrleXz3ZWoRH	ADE	45	84	not dangerous but it is damn unpleasant
SMM4H2022EdeuGU47chmn7v3M	ADE	58	80	able to sleep at night
SMM4H202261HBeAkN6Y8VyE2c	ADE	17	27	fast pulse
SMM4H2022oO0Sijb2XA5lWXOU	ADE	127	138	withdrawals
SMM4H2022LIyWAaX9qw2hgLcW	ADE	25	45	knocked me sidewards
SMM4H20223M1x1TysCKaBkdq2	ADE	79	93	slept horribly
SMM4H2022k1DZdlXmiEpwXpwR	ADE	54	63	zombified
SMM4H202229Qm3Zb6sn6LMFMt	ADE	104	112	drooling
SMM4H20225zss8QdpBoLrYTBf	ADE	103	117	get out of bed
SMM4H202213408dCeaTzLPhOj	ADE	53	58	taste
SMM4H2022PEoWogfskss0b8XR	ADE	94	123	eating incredibly differently
SMM4H2022ztuQuD1AXstV6CAz	ADE	103	117	sleep 12 hours
SMM4H2022QfTuCCV9YO0xCxds	ADE	124	129	burnt
SMM4H2022MkG7H41a2IGHPirv	ADE	28	46	increased appetite
SMM4H2022MkG7H41a2IGHPirv	ADE	51	59	cravings
SMM4H2022s7ohJwgGMsjP3XNH	ADE	37	43	zombie
SMM4H2022KFdH4MvApSJMWyxq	ADE	78	89	not stay up
SMM4H2022ambLumNfeICsI0mJ	ADE	34	43	prolactin
SMM4H2022ambLumNfeICsI0mJ	ADE	62	77	boobs humungous
SMM4H2022nijIhNIpAFwzFAv3	ADE	55	71	prolactin levels
SMM4H2022nijIhNIpAFwzFAv3	ADE	83	98	boobs humungous
SMM4H2022YyA558qZJsPKe9VX	ADE	54	63	back ache
SMM4H2022DPqGpuhwzUdNZUwv	ADE	39	48	back pain
SMM4H2022DPqGpuhwzUdNZUwv	ADE	119	123	weak
SMM4H2022DPqGpuhwzUdNZUwv	ADE	128	140	aching knees
SMM4H20223jS3KdGJaOilYt8O	ADE	24	28	neck
SMM4H20223jS3KdGJaOilYt8O	ADE	33	44	should ache
SMM4H20223jS3KdGJaOilYt8O	ADE	52	61	back pain
SMM4H20223jS3KdGJaOilYt8O	ADE	66	75	knee ache
SMM4H2022fpXhjoMDNgFjJaMf	ADE	32	41	Neck ache
SMM4H2022fpXhjoMDNgFjJaMf	ADE	52	61	back pain
SMM4H20227N1WTUzi0qBS2bez	ADE	28	38	not hungry
SMM4H2022EPupi6i1X8CNi0tA	ADE	40	44	back
SMM4H2022EPupi6i1X8CNi0tA	ADE	49	58	knee pain
SMM4H2022EPupi6i1X8CNi0tA	ADE	110	125	walking painful
SMM4H2022wggvt2gUvVIy70gA	ADE	75	79	ache
SMM4H2022nrGyzVzIqx3zgFqh	ADE	45	58	pains in head
SMM4H2022nrGyzVzIqx3zgFqh	ADE	60	64	neck
SMM4H2022nrGyzVzIqx3zgFqh	ADE	66	70	back
SMM4H2022nrGyzVzIqx3zgFqh	ADE	72	75	hip
SMM4H2022nrGyzVzIqx3zgFqh	ADE	80	84	legs
SMM4H2022YzyTCaEQzziz2CdG	ADE	37	46	neck pain
SMM4H2022YzyTCaEQzziz2CdG	ADE	51	66	legs still weak
SMM4H20224A5CPowzVLFB6Hvv	ADE	82	86	pain
SMM4H20224A5CPowzVLFB6Hvv	ADE	92	107	fluid retention
SMM4H2022SJO8iF9T6V51QZFz	ADE	29	35	oedema
SMM4H2022SJO8iF9T6V51QZFz	ADE	44	65	musculo-skeletal pain
SMM4H2022oXsYJWe6BQ1kuL51	ADE	132	138	aching
SMM4H2022gi5tcU4qn3W0SdFr	ADE	105	119	lost 10 pounds
SMM4H2022Or9jgr8XUuXj1I6X	ADE	0	14	Slept 11 hours
SMM4H2022NavwE4i8MvphT2zS	ADE	42	53	Slow Turtle
SMM4H2022zi9GrkYr64Fdy2TV	ADE	71	83	panic attack
SMM4H2022vdqraRTnsgiLjXha	ADE	89	94	tired
SMM4H2022RuwGBnCw8A9Qkivf	ADE	35	48	gotta wake up
SMM4H2022skOSymA7dGxnYVvz	ADE	21	27	sleepy
SMM4H2022yRFu3djBLNzFvhSW	ADE	44	60	boner kryptonite
SMM4H2022JqeO9nelX5howdLp	ADE	102	114	dissociation
SMM4H2022Tmkk3RqdntWStCpo	ADE	62	83	stacked on the weight
SMM4H2022GZpMVAiVnMsziMTC	ADE	33	41	munchies
SMM4H2022VNNlCq6EaN28nN3I	ADE	62	69	sedated
SMM4H2022VNNlCq6EaN28nN3I	ADE	85	96	unconscious
SMM4H2022j3pS5N62fLiAsK9B	ADE	34	40	dreams
SMM4H2022rF4krxCOOqitELPB	ADE	32	41	lethargic
SMM4H2022khRqmSBm1x0zzpTU	ADE	85	89	mute
SMM4H2022q3eSrt1AGNzPAcJi	ADE	62	82	don't want to get up
SMM4H2022KrTbh87wVXvginXn	ADE	29	41	weird dreams
SMM4H2022nA7q0dLdUfaIPwk7	ADE	78	89	don't sleep
SMM4H2022nA7q0dLdUfaIPwk7	ADE	113	124	cant get up
SMM4H2022jrsb6ZqcQGhmxU3W	ADE	71	92	knock me the fuck out
SMM4H2022yOwhoDLi0wsOIYPE	ADE	40	52	restlessness
SMM4H2022yOwhoDLi0wsOIYPE	ADE	71	78	jitters
SMM4H2022m0TO0zvUYWJUTdTU	ADE	50	59	17h sleep
SMM4H2022q8tCDErrIJsAyg0s	ADE	81	101	tolerance to the sun
SMM4H2022QPuM2kG7U5kxNwEN	ADE	113	119	zombie
SMM4H2022YYRqRaz9C2bVa8hY	ADE	38	52	knocked me out
SMM4H2022KKCb3OiuoRa2zmtI	ADE	21	27	sleepy
SMM4H2022rBPlI4E9P8hP9GAO	ADE	3	10	tremors
SMM4H2022TLL9CxHUC5DD6vpF	ADE	67	74	jolting
SMM4H2022TLL9CxHUC5DD6vpF	ADE	78	85	rocking
SMM4H2022XnSkGBvJGhjWTgYd	ADE	23	41	sleep for 12 hours
SMM4H2022AjoygCcLmKBmXebQ	ADE	8	14	sleepy
SMM4H2022hjCIaInO1v4052Lp	ADE	47	63	fucked up dreams
SMM4H2022YcdfnJGyPZn7AcVm	ADE	97	106	psychosis
SMM4H2022PLMIA67gAwxCLNA1	ADE	97	110	feel so drink
SMM4H2022PLMIA67gAwxCLNA1	ADE	113	129	cant really walk
SMM4H2022PLMIA67gAwxCLNA1	ADE	139	148	nauseated
SMM4H2022MbvcCUxWvoyleQaU	ADE	16	34	sleep for 15 hours
SMM4H2022daQeZzbcMjcexnyC	ADE	10	13	RLS
SMM4H2022daQeZzbcMjcexnyC	ADE	103	124	restless leg syndrome
SMM4H2022mKwaYWUJunEv3X7w	ADE	20	26	hungry
SMM4H2022mKwaYWUJunEv3X7w	ADE	44	50	hunger
SMM4H2022kUINyTKKW5IHjXi2	ADE	40	44	coma
SMM4H2022vRpEgLzWNNt1gUca	ADE	39	46	floatin
SMM4H2022iPF1JplADQHBrhpp	ADE	47	52	sleep
SMM4H2022fMoIBgU8rmrJEBXf	ADE	25	39	gaps in memory
SMM4H20225EszuCz7Ge3JZ8dZ	ADE	56	71	manic reactions
SMM4H20225EszuCz7Ge3JZ8dZ	ADE	81	86	angry
SMM4H20225EszuCz7Ge3JZ8dZ	ADE	120	125	tired
SMM4H2022Teu9BEjWFcGMWc71	ADE	60	71	convulsions
SMM4H2022Teu9BEjWFcGMWc71	ADE	73	78	fever
SMM4H2022Teu9BEjWFcGMWc71	ADE	80	95	toxic reactions
SMM4H2022Teu9BEjWFcGMWc71	ADE	97	116	psychotic reactions
SMM4H20221Ha2fxuSoXds6CTY	ADE	76	81	loopy
SMM4H2022EfOcf7ganPtNJPnO	ADE	120	129	gained 50
SMM4H2022CZ0vhRFB7wK9cR2O	ADE	85	106	knocks you outttttttt
SMM4H2022TgroKTVtGR8Px8nv	ADE	44	54	crazy town
SMM4H2022iUSFJnezbQN13ueR	ADE	112	123	overheating
SMM4H2022wPMIyCpempFLU5ix	ADE	24	35	eat so much
SMM4H2022wCoH6i5yOSyfoAUi	ADE	27	55	only let me sleep four hours
SMM4H2022X0a8U2E3OMQc0D9Q	ADE	99	104	mania
SMM4H2022fPkoyBXYrm9WR5aa	ADE	74	91	knocked on my ass
SMM4H2022dYwhqlVvgLCWHYAv	ADE	42	51	addictive
SMM4H20221AIAkzjYesML9oxa	ADE	72	77	sleep
SMM4H20221AIAkzjYesML9oxa	ADE	116	124	hangover
SMM4H2022OD9yfVzcIdGulwIt	ADE	130	139	eat A LOT
SMM4H2022bKtlaZJzAkt7UTeh	ADE	83	96	diabetes risk
SMM4H2022qCRXHqveTwPGzQdF	ADE	60	63	ill
SMM4H2022sUOcaepIX81UlPpb	ADE	40	61	sleeping 18 hrs a day
SMM4H2022j3fxJAy7fvjceMsp	ADE	36	45	addictive
SMM4H20225YeYaUbt5EEe15qw	ADE	95	103	retarded
SMM4H20228ew7FnlYi4Ak3rYc	ADE	17	33	need to be awake
SMM4H2022LgMhq32RMdSDUHh1	ADE	98	129	hardly open or close your mouth
SMM4H2022zj1GcH2Z3RV3FgDR	ADE	33	39	hungry
SMM4H2022vW1xlFNOyoAUSs8F	ADE	73	84	weight gain
SMM4H20225PIDVjVlPuAgb0yO	ADE	59	68	zombified
SMM4H2022qQ9NYPa25hLeBcpj	ADE	33	48	feel like death
SMM4H2022wdATosmn1kSYOSYv	ADE	103	113	hotflashes
SMM4H2022T19FMJboG05HDh0f	ADE	74	77	RLS
SMM4H20226cGjgXKpowhEXycG	ADE	84	92	hit hard
SMM4H2022aMZNe4FxTbNzIpVa	ADE	60	67	tremors
SMM4H2022aMZNe4FxTbNzIpVa	ADE	72	83	weight gain
SMM4H2022aMZNe4FxTbNzIpVa	ADE	85	93	Diabetes
SMM4H20221NX6sl37Vu6nYPi8	ADE	86	93	tremors
SMM4H20221NX6sl37Vu6nYPi8	ADE	98	109	weight gain
SMM4H2022UVY8my5k6LtRbxiN	ADE	87	107	difficult to wake up
SMM4H2022Qib8etkv00HpXaIH	ADE	62	66	flat
SMM4H2022bty3jnI4yJxPfZ9v	ADE	90	94	drip
SMM4H2022Rkshk7nW6ynXkN2b	ADE	0	105	last night I was a mermaid and then a wizard who had to save the world while being hunted by the japanese
SMM4H2022chL2wIC2MuWKcbLF	ADE	103	115	crazy dreams
SMM4H2022FkcdAxQhZRs7FCXn	ADE	30	39	dry mouth
SMM4H2022VhjLDJBJQ76kRp2e	ADE	22	47	Slept through every alarm
SMM4H2022Il7pE0pKG3vsHpCI	ADE	11	20	hangovers
SMM4H20228CMJoNMpGYZTFKiJ	ADE	47	74	sleeping 9 hours in the day
SMM4H20222K1HcxZsJ8ngl2O9	ADE	22	32	withdrawal
SMM4H20222K1HcxZsJ8ngl2O9	ADE	42	51	confusion
SMM4H20222K1HcxZsJ8ngl2O9	ADE	53	66	deliriousness
SMM4H20222K1HcxZsJ8ngl2O9	ADE	68	80	nauesousness
SMM4H20222K1HcxZsJ8ngl2O9	ADE	85	93	insomnia
SMM4H20222K1HcxZsJ8ngl2O9	ADE	95	105	withdrawal
SMM4H2022Js3dZkGO8MtYmq4u	ADE	59	82	sleep for like 12 hours
SMM4H2022H3clDkM0CmW5kASH	ADE	38	46	headache
SMM4H2022H3clDkM0CmW5kASH	ADE	55	63	headache
SMM4H2022H3clDkM0CmW5kASH	ADE	91	101	withdrawls
SMM4H2022CFTKPwkGOCzce0fM	ADE	72	80	hungover
SMM4H2022eQJn6aRcumGJCmZP	ADE	79	85	groggy
SMM4H2022eQJn6aRcumGJCmZP	ADE	107	116	wont wake
SMM4H2022u3SlhKzH2rS0K4xu	ADE	25	39	horrible sleep
SMM4H2022F4agdHZnGPejFKPF	ADE	13	20	yawning
SMM4H20225YUjfb2XIeBG4jGG	ADE	6	11	dream
SMM4H2022esCCTEmMFzpEr9hU	ADE	70	83	vision blurry
SMM4H2022ETnuVpYOVD3Nbx13	ADE	20	36	just now wake up
SMM4H20228m2ccFeAzreXdCDn	ADE	115	119	bone
SMM4H2022tPSI0xBeJ7wdVuHX	ADE	3	12	tolerance
SMM4H2022mmiD01E3LuqWZgVd	ADE	80	92	resisting it
SMM4H2022KZjjec0xf5VaPrYt	ADE	45	50	tired
SMM4H2022KZjjec0xf5VaPrYt	ADE	55	64	out of it
SMM4H2022MQuenQcSVHOfdSLv	ADE	70	84	brain disorder
SMM4H2022PVwtY0F4fg0eEeh1	ADE	26	35	knee pain
SMM4H20221eT3J6rJ2oqXXGX9	ADE	7	20	put on weight
SMM4H20220rChjGmP6hSFpK2V	ADE	28	33	itchy
SMM4H20220rChjGmP6hSFpK2V	ADE	41	53	neck was red
SMM4H2022gpxH8etHi2e0F11l	ADE	13	19	energy
SMM4H2022XpK6oAzKG96IhI5r	ADE	17	22	tired
SMM4H20227MmLZtJE5FWPENMh	ADE	8	15	bruises
SMM4H2022ONOZGurpLXFzAVEk	ADE	16	27	limbs ached
SMM4H2022ONOZGurpLXFzAVEk	ADE	38	47	shivering
SMM4H2022ONOZGurpLXFzAVEk	ADE	121	131	withdrawal
SMM4H2022e6NHOFIPRmPJ0Rea	ADE	47	57	nightmares
SMM4H2022e6NHOFIPRmPJ0Rea	ADE	61	86	coming of it was horrific
SMM4H2022mDKg3W12hi5cN43S	ADE	33	48	Disturbed sleep
SMM4H2022EAcyijCLPfG02nH9	ADE	50	70	screwing up my sleep
SMM4H2022CZyPQmDl9PRGfUst	ADE	102	117	acid like trips
SMM4H20227XjAnbKOtw7hpWOK	ADE	23	29	nausea
SMM4H20227XjAnbKOtw7hpWOK	ADE	31	39	headache
SMM4H20227XjAnbKOtw7hpWOK	ADE	41	47	sweats
SMM4H20227XjAnbKOtw7hpWOK	ADE	49	61	flu symptoms
SMM4H20227XjAnbKOtw7hpWOK	ADE	68	76	diarrhea
SMM4H20227XjAnbKOtw7hpWOK	ADE	133	143	withdrawal
SMM4H2022p7maR5thpAgocf9Q	ADE	65	79	15 hours sleep
SMM4H2022Ca8G4xpiVhlXVxwz	ADE	65	77	walking dead
SMM4H2022T4hmzV336tvPolbG	ADE	68	89	messing with my sleep
SMM4H2022PRroZTQ1EI1qVPqa	ADE	90	107	wrecking my sleep
SMM4H2022JkSZ55sNxsDAGqwj	ADE	30	43	mixed episode
SMM4H2022zobwhkD32zx8iTJV	ADE	12	20	hangover
SMM4H202273Pk14iOkyxPd6UL	ADE	58	61	cry
SMM4H202273Pk14iOkyxPd6UL	ADE	66	78	throw chairs
SMM4H2022tP4gLVWmlBdAEGLI	ADE	98	115	feeling like shit
SMM4H2022dXyHpYXMkGIjL5uJ	ADE	67	103	sprayed hairspray all over my tongue
SMM4H2022lacusSLxLO1ipHIZ	ADE	78	117	brain feels like its actually vibrating
SMM4H20226oDjeuRpyPJAjoSF	ADE	61	73	Paraesthesia
SMM4H20226ozTP9rD1MOl1I7y	ADE	47	55	withdraw
SMM4H2022UKLZpQz3lbhUNjEA	ADE	86	95	depressed
SMM4H2022UKLZpQz3lbhUNjEA	ADE	108	119	overreacted
SMM4H2022FRbsK8jPN42JGdoG	ADE	102	107	tired
SMM4H2022bsI3F5VF8xeoDgu8	ADE	102	113	withdrawals
SMM4H2022K7GLg9he20TedqUS	ADE	40	50	withdrawal
SMM4H2022GwzUi7DqYO7gOWe5	ADE	101	107	drowsy
SMM4H2022THAxFCgLcffkZVUG	ADE	56	64	sedative
SMM4H2022Pvxy43KlnUc0DWhe	ADE	31	41	withdrawal
SMM4H2022HTfyhYjscvwFUOqF	ADE	54	64	withdrawal
SMM4H2022O500uvOMPL6a3hQK	ADE	81	133	sucked going from 100mg Desvenlafaxine / day to zero
SMM4H2022hRE6DPsUU1w91r0D	ADE	64	72	NAUSEOUS
SMM4H2022R13HRkvLOVsPzhSe	ADE	35	47	vision shake
SMM4H2022XdVkANohiUOAX8AM	ADE	12	20	nauseous
SMM4H2022Rlrxu5c7Meh58JSm	ADE	66	77	withdrawals
SMM4H2022HnFUnhmfKhebPmZw	ADE	32	41	palpitate
SMM4H2022AeTEjLIgNmfryK0E	ADE	3	16	breath smells
SMM4H2022TnqyZ6TdfCgoioYR	ADE	94	110	digestive system
SMM4H2022YuGbgHKQTLCJkM3l	ADE	33	47	drive me crazy
SMM4H2022IQuKNDp1pOwpsS24	ADE	46	54	headache
SMM4H2022XVZWIrVqYfwgXw0m	ADE	45	57	feelin weird
SMM4H2022kPVAroNA8L6y5RiI	ADE	9	23	could be tired
SMM4H2022kPVAroNA8L6y5RiI	ADE	67	81	never sleeping
SMM4H2022DgHACvicqXyA27wJ	ADE	26	49	remembered what food is
SMM4H2022qHkBZshlEbdpWpvJ	ADE	0	38	Ready for bed but vyvanse is saying no
SMM4H2022qHkBZshlEbdpWpvJ	ADE	40	57	forciblynocturnal
SMM4H2022G4H5LLMZhNist6MP	ADE	21	43	not going to go to bed
SMM4H20221wS7Ep5on5QXmx1I	ADE	70	87	stay up all night
SMM4H20221wS7Ep5on5QXmx1I	ADE	88	117	feeling like you have to poop
SMM4H2022Nf2H68nCW2xDqhI8	ADE	18	21	mad
SMM4H2022as6jYJCaHL2nWJBo	ADE	24	42	didn't eat a thing
SMM4H2022gxSFyPApwtAC7OsE	ADE	23	32	sleepless
SMM4H2022gxSFyPApwtAC7OsE	ADE	53	58	awake
SMM4H2022bn6wApfGLg8t0TxR	ADE	18	21	OCD
SMM4H2022bn6wApfGLg8t0TxR	ADE	75	80	wired
SMM4H20223Wb9fxJtERAoqPgO	ADE	59	70	mood swings
SMM4H2022DMGWSlb910jUXFNi	ADE	14	17	eat
SMM4H20226ZIA6zS08J0evBPl	ADE	88	100	spazzing out
SMM4H20221F3w5Y1bm64YV0oh	ADE	58	76	heart will explode
SMM4H2022kO8zpNmbiD2MG4to	ADE	10	21	haven't ate
SMM4H2022TNeFRsaMJOPjtZrl	ADE	0	28	can't even enjoy this banana
SMM4H2022SYjXVO1LBLb3PHLg	ADE	16	29	keeping me up
SMM4H2022E0YksMiaHG6t7JtL	ADE	30	41	no sleeping
SMM4H2022xtNM7TYmsKTlxm5V	ADE	86	89	OCD
SMM4H2022tMsc3pzhzOz0hdAB	ADE	45	61	want to sleeeeep
SMM4H2022zUHOXJFlu711PDsj	ADE	64	71	not eat
SMM4H20229vWdMJ5IePxgWTNZ	ADE	41	89	food just looks/sounds/tastes fucking disgusting
SMM4H2022wInAPM8uK17QpKn6	ADE	52	59	nosleep
SMM4H20220EQd5qRy7WZRUW7N	ADE	54	63	stressful
SMM4H2022OFaKwvo3emmoSmlF	ADE	41	60	fuck with your head
SMM4H20222FM0257F0CQC3nxc	ADE	19	36	fucks up my sleep
SMM4H2022EwKViE7kRXOFnyME	ADE	39	46	sweatin
SMM4H2022bzwqYu9BFRE9aYAX	ADE	31	41	sleep less
SMM4H2022suo5pk4g08KjKUqs	ADE	34	48	grind my teeth
SMM4H2022m0OqUf9c2t1BcWGt	ADE	47	56	cantsleep
SMM4H20225fLwuA6vLgDCZS5f	ADE	23	31	addicted
SMM4H2022cOEhi1XpZI5Tebeo	ADE	42	61	makes me an asshole
SMM4H20222vNYnhWrqHZ6vcjU	ADE	90	100	wide awake
SMM4H2022kisKujNQhtaj6YFX	ADE	53	72	continuous shitting
SMM4H2022s4907Sz2oKYwcgo9	ADE	56	64	negative
SMM4H20229DOwRSqpdTLvXk6d	ADE	9	22	back to sleep
SMM4H2022fG7tXScMneSdffVl	ADE	59	72	heart stopped
SMM4H2022WNkxjaFCidTxtIiF	ADE	53	64	dehydration
SMM4H2022nQ3Co3YwPEEa1cxv	ADE	102	111	wideawake
SMM4H2022ZigEFK8ZpZfG4GaD	ADE	18	48	doesn't care about my bed time
SMM4H20226xDtMe1EgZssZXtX	ADE	51	60	not slept
SMM4H2022fOKTaxvkIxIbd9zF	ADE	47	55	insomnia
SMM4H2022fOKTaxvkIxIbd9zF	ADE	79	87	insomnia
SMM4H2022rBwh607JFWXCjCLC	ADE	21	33	Not sleeping
SMM4H2022jj3EwMY39PFS9Ft5	ADE	84	88	rage
SMM4H2022z09UaD5gR52FfQ4r	ADE	79	119	stop spending all of your income in food
SMM4H2022xrGB8maUNBBB3lcZ	ADE	44	54	over think
SMM4H2022xrGB8maUNBBB3lcZ	ADE	82	87	angry
SMM4H2022IQWhswXfaJRBH5Jp	ADE	30	58	feel like I need to throw up
SMM4H2022ju5xMgYugBk9jPM5	ADE	78	93	cooked my brain
SMM4H2022d32H9vrERmYcdPow	ADE	61	67	shakes
SMM4H2022m5uquu5fh3QZMD5y	ADE	32	41	dry mouth
SMM4H2022m5uquu5fh3QZMD5y	ADE	73	79	saliva
SMM4H2022QvOuKDi1FVpbUk7D	ADE	33	38	sleep
SMM4H2022tQpVrc0NXoHx01iQ	ADE	7	20	need to sleep
SMM4H2022qZCfNk7QQuwgXgY3	ADE	0	8	No taste
SMM4H2022eAWkP7OR38o8rAHV	ADE	28	37	don't eat
SMM4H2022Cz3hmtZZQvfCkI3x	ADE	27	30	OCD
SMM4H2022tMfcXuvzw5u6hsaY	ADE	27	30	OCD
SMM4H2022yRxRzEGmxXQFLMff	ADE	27	30	OCD
SMM4H2022ZZCVM4HZhJeYJ7Uz	ADE	45	48	OCD
SMM4H2022OHt588NDSvEp1mMb	ADE	17	31	think too much
SMM4H2022wAw9n2Sqg2RpkVBe	ADE	31	45	think too much
SMM4H2022cOEVmAi6nDPVAKPN	ADE	31	45	think too much
SMM4H2022Q1g6i1GqY8vf8Ok9	ADE	0	11	All nighter
SMM4H202227DgOvHgEURqOAMb	ADE	17	25	tolerant
SMM4H2022MJnjGV2MFUj7pBhW	ADE	52	63	hating food
SMM4H2022kdstWhZv9QHzroRE	ADE	3	13	mind races
SMM4H20225GjVTkoJGNNUz7Av	ADE	20	29	depressed
SMM4H2022C4DorbVeAQZ6Kh3e	ADE	20	28	no sleep
SMM4H2022hEpUmkwDcbW1l6Ce	ADE	48	61	can't sleeeep
SMM4H2022ZFgooYhqfVJ5hJGJ	ADE	62	73	teamnosleep
SMM4H2022i0dBWigoIACNXD9O	ADE	27	47	talk a mile a minute
SMM4H2022SWKvQ6fmGpHzbMLf	ADE	60	65	sleep
SMM4H2022mnfXojG2W73NmWOe	ADE	42	48	addict
SMM4H2022bQdS9QYsSS64nfPL	ADE	72	94	can't go back to sleep
SMM4H2022VFAL3BmtiJLC4KgD	ADE	41	48	nosleep
SMM4H2022ZdDQ5n6cfyNirkZj	ADE	48	55	nosleep
SMM4H2022iCs9m6AajoQpOuQQ	ADE	10	24	plan on eating
SMM4H2022KuwcXFUL10rSFz2m	ADE	36	41	dizzy
SMM4H2022KuwcXFUL10rSFz2m	ADE	56	66	chest hurt
SMM4H2022HipFOjqWORViBKdo	ADE	37	61	got ten minutes of sleep
SMM4H2022q1mHBUQScKjhYtz6	ADE	20	28	sweating
SMM4H2022eaCYvmZCYqlIpbI7	ADE	95	104	Nosebleed
SMM4H2022Hj9Q5uULQp9gmUL3	ADE	48	54	orgasm
SMM4H2022BMwmZ6uAtOiMe6nn	ADE	91	116	never have another orgasm
SMM4H2022ZfPkntGTjmTHbUOc	ADE	65	69	coma
SMM4H2022otIg7pDmo1eeihoT	ADE	72	91	gain so much weight
SMM4H2022qIgLS4th0EoyunY1	ADE	99	117	increase my weight
