SMM4H2022yW4mXhmCE9gh1B7b	ADE
SMM4H2022afMxPjtHKyItF0n3	ADE
SMM4H2022dc1lWHnZeBy441B8	ADE
SMM4H2022dc1lWHnZeBy441B8	ADE
SMM4H2022ExV2GXXaqhGjJNFM	ADE
SMM4H2022dZ7ZqyvGqxh0jKeH	ADE
SMM4H202221svYY3nNe8z5jdE	ADE
SMM4H2022TktK7f4NNPqLzVWl	ADE
SMM4H2022E8PLU8eznkYN0dlx	ADE
SMM4H2022FxzK9r9cEII1gmaJ	ADE
SMM4H20222QPvF36FzxCLJe8l	ADE
SMM4H2022o9R8zCvDwlfSI87k	ADE
SMM4H2022o9R8zCvDwlfSI87k	ADE
SMM4H20224CdAz4uAODp4fESt	ADE
SMM4H2022aJS4BaMKlXI0KeI5	ADE
SMM4H2022LsJR4tzc0A5eTQB4	ADE
SMM4H2022H46enMioMkbcxr0A	ADE
SMM4H202247Y6GjkNElgjxDKM	ADE
SMM4H202247Y6GjkNElgjxDKM	ADE
SMM4H2022nAYZ3hTd7VxYMKZC	ADE
SMM4H2022pJ8eplYSKrDUKhBg	ADE
SMM4H2022VlNSwqfn2B6lekK9	ADE
SMM4H2022q1fnCS4S7ckk1qUv	ADE
SMM4H2022uycEAFWkndlu2r3e	ADE
SMM4H2022uycEAFWkndlu2r3e	ADE
SMM4H2022LCONWDHIHZaerIEz	ADE
SMM4H2022LCONWDHIHZaerIEz	ADE
SMM4H20220Fn1PRrRkP70pjI5	ADE
SMM4H20220Fn1PRrRkP70pjI5	ADE
SMM4H2022XbBn71ec15IlmpA6	ADE
SMM4H2022Bi2Q3tParwQAMrQw	ADE
SMM4H2022Bi2Q3tParwQAMrQw	ADE
SMM4H20222nZuTHzcSXK4tHEI	ADE
SMM4H20222nZuTHzcSXK4tHEI	ADE
SMM4H20222nZuTHzcSXK4tHEI	ADE
SMM4H2022WPMAm8luy2rAnnkt	ADE
SMM4H202223uXsizc5NBoDgvf	ADE
SMM4H2022DZZGRzJU8WWUg9Fk	ADE
SMM4H2022to1NDtQK9OtX5hbL	ADE
SMM4H20224RFxlkutkRb6Rr0v	ADE
SMM4H20224RFxlkutkRb6Rr0v	ADE
SMM4H2022wM2cmNxhBwLShHOr	ADE
SMM4H2022zwCw5i9D4QwcpoJB	ADE
SMM4H2022zwCw5i9D4QwcpoJB	ADE
SMM4H2022RpwkbQu6C4iXgfED	ADE
SMM4H2022TOpE89MiTeVZO5vc	ADE
SMM4H2022nT2Q2V7WhOgsnPtn	ADE
SMM4H2022T285CGUbAztuICzu	ADE
SMM4H2022T285CGUbAztuICzu	ADE
SMM4H2022txhtlGpbJiWfmpXF	ADE
SMM4H2022mGz22Q36Ay7iZyFM	ADE
SMM4H2022XEeq5GabAipd8xoh	ADE
SMM4H2022b7AKevauj96s00f5	ADE
SMM4H2022uaeS5t9HRmRkv0HA	ADE
SMM4H2022uaeS5t9HRmRkv0HA	ADE
SMM4H2022Qo22ZzlKgHszxhmQ	ADE
SMM4H2022Qo22ZzlKgHszxhmQ	ADE
SMM4H20220SEypP61C1BmCZC3	ADE
SMM4H2022Oa6I8EtPkyDJd41n	ADE
SMM4H2022Oa6I8EtPkyDJd41n	ADE
SMM4H2022NI5d1UHevv5Gy02R	ADE
SMM4H2022QAxE14vIZVwsF3QR	ADE
SMM4H2022QAxE14vIZVwsF3QR	ADE
SMM4H2022D8UrISRBTtsFUR7I	ADE
SMM4H20227Rn12JLGfr7YzqFT	ADE
SMM4H20222xKrdNCWviBUA9Iy	ADE
SMM4H2022benpjPl9VmEGvKI9	ADE
SMM4H2022yO9PYUGtKH9L26Qa	ADE
SMM4H20228boNxgDfjPD6Ck9v	ADE
SMM4H2022CGCQVPPRqdgWYdT0	ADE
SMM4H2022K1pBLeXqKK6c9Kea	ADE
SMM4H2022K1pBLeXqKK6c9Kea	ADE
SMM4H2022QDw0RUIGiiSF06Si	ADE
SMM4H2022QDw0RUIGiiSF06Si	ADE
SMM4H2022mJE7B68NciZl6Ec3	ADE
SMM4H2022mJE7B68NciZl6Ec3	ADE
SMM4H2022mJE7B68NciZl6Ec3	ADE
SMM4H2022mJE7B68NciZl6Ec3	ADE
SMM4H2022mJE7B68NciZl6Ec3	ADE
SMM4H2022ztEzLQkm4v7rc5Xy	ADE
SMM4H2022fE3HMexQbOOyry9r	ADE
SMM4H2022fE3HMexQbOOyry9r	ADE
SMM4H2022D8p9FUdZH4VNqDvl	ADE
SMM4H2022qeMxbvH69elnrSxO	ADE
SMM4H2022bf8sD2fJDMAUkHoQ	ADE
SMM4H2022VCgadl0A1WwurEKR	ADE
SMM4H2022VCgadl0A1WwurEKR	ADE
SMM4H2022OHXhXMEFXXeB5ckX	ADE
SMM4H2022EHC8K4XsHVygHMUn	ADE
SMM4H2022LLbPKQqYcsYyYceo	ADE
SMM4H2022dWRKt5ZNZcqhL3og	ADE
SMM4H2022BeKCxEcFC6g1Yf7S	ADE
SMM4H2022OMnjRitKpo8qpeNJ	ADE
SMM4H2022VWLdzAhteSRi8nTA	ADE
SMM4H2022ucQBccE7i5PwWhb1	ADE
SMM4H2022BH7beYzUpJkRyFpx	ADE
SMM4H2022BH7beYzUpJkRyFpx	ADE
SMM4H2022eIJ54Zcr9Nca3JD7	ADE
SMM4H20223J3KkZVhEMca3bYB	ADE
SMM4H2022dulneTTVNOwSbAPl	ADE
SMM4H2022Uh7y5V22RVHTsXlc	ADE
SMM4H2022Uh7y5V22RVHTsXlc	ADE
SMM4H2022Uh7y5V22RVHTsXlc	ADE
SMM4H2022Uh7y5V22RVHTsXlc	ADE
SMM4H2022Uh7y5V22RVHTsXlc	ADE
SMM4H2022iKOb7fTQc87fxthS	ADE
SMM4H2022iKOb7fTQc87fxthS	ADE
SMM4H2022EgnWPzzeZU2KWyKc	ADE
SMM4H2022EgnWPzzeZU2KWyKc	ADE
SMM4H2022EgnWPzzeZU2KWyKc	ADE
SMM4H20224b4uMAJCbrZyURvB	ADE
SMM4H20224b4uMAJCbrZyURvB	ADE
SMM4H20224b4uMAJCbrZyURvB	ADE
SMM4H2022lJa05ogltSExO4Jd	ADE
SMM4H2022lJa05ogltSExO4Jd	ADE
SMM4H2022g8QKcmebPc1oDvt6	ADE
SMM4H2022g8QKcmebPc1oDvt6	ADE
SMM4H2022Qk1JPnuWRE3B5g4A	ADE
SMM4H2022bkrj19PBcARmknPv	ADE
SMM4H2022bkrj19PBcARmknPv	ADE
SMM4H2022bkrj19PBcARmknPv	ADE
SMM4H2022SwS4YelEVMuklFb0	ADE
SMM4H2022SwS4YelEVMuklFb0	ADE
SMM4H2022o7kegQpkLFULWVX8	ADE
SMM4H2022RSKvAYDJl8dwaIuq	ADE
SMM4H2022WvedEsS1LDvasqyW	ADE
SMM4H2022jCqj2okGd5TN8OHm	ADE
SMM4H2022mbTDmWYLFo7sRtRK	ADE
SMM4H2022YuW8f8FaAmgQSVTd	ADE
SMM4H2022Oz4Ui95iikJ6A6ii	ADE
SMM4H2022CNijOKiujM889zKU	ADE
SMM4H2022mw6oi18SKs3Efa2I	ADE
SMM4H2022sxTvQVz54AtfAPk5	ADE
SMM4H2022sxTvQVz54AtfAPk5	ADE
SMM4H2022GeA41Hjjzv1DS4lE	ADE
SMM4H2022GeA41Hjjzv1DS4lE	ADE
SMM4H2022SGHHuKJriEkstZJb	ADE
SMM4H2022SGHHuKJriEkstZJb	ADE
SMM4H2022E6s3ZSYAJmXlFOc0	ADE
SMM4H20226IQoqqYKTmEUbM8A	ADE
SMM4H20226IQoqqYKTmEUbM8A	ADE
SMM4H2022SViZRNF7h8tK7NJt	ADE
SMM4H2022SViZRNF7h8tK7NJt	ADE
SMM4H2022lGYAsqPsFh769cYN	ADE
SMM4H2022lGYAsqPsFh769cYN	ADE
SMM4H2022SLEqUomWLd15oEe1	ADE
SMM4H2022SLEqUomWLd15oEe1	ADE
SMM4H2022SLEqUomWLd15oEe1	ADE
SMM4H2022SLEqUomWLd15oEe1	ADE
SMM4H2022uKCKtFPRRhCxKquD	ADE
SMM4H2022p43TLs5lPY0L3PsP	ADE
SMM4H202252dACVASDA9kdjfv	ADE
SMM4H2022UQ0dETyqhj5QZBp8	ADE
SMM4H2022UQ0dETyqhj5QZBp8	ADE
SMM4H2022crHrK2qNiPTkoa8l	ADE
SMM4H2022Cos7EsH4952z381p	ADE
SMM4H2022em9D7vcTx57ysY1J	ADE
SMM4H2022qfOgv9ifWEP76eKV	ADE
SMM4H2022UsugDFbDS0YHUztc	ADE
SMM4H2022UsugDFbDS0YHUztc	ADE
SMM4H2022UsugDFbDS0YHUztc	ADE
SMM4H2022qBRUMmkAUYpgFJNU	ADE
SMM4H2022qBRUMmkAUYpgFJNU	ADE
SMM4H2022VrhzcNa9dG607KoK	ADE
SMM4H2022f8J69GmzgANwsntm	ADE
SMM4H2022f8J69GmzgANwsntm	ADE
SMM4H2022f8J69GmzgANwsntm	ADE
SMM4H2022f8J69GmzgANwsntm	ADE
SMM4H2022f8J69GmzgANwsntm	ADE
SMM4H2022f8J69GmzgANwsntm	ADE
SMM4H2022f8J69GmzgANwsntm	ADE
SMM4H2022DMwDP4573ynJ0KAP	ADE
SMM4H2022fmdLiGScAG2h1uEu	ADE
SMM4H2022la9fA7fCchC09G4c	ADE
SMM4H2022la9fA7fCchC09G4c	ADE
SMM4H2022OyLm6aAxpCuGYbmc	ADE
SMM4H20228SQzH96Fh6VXXWTP	ADE
SMM4H20228SQzH96Fh6VXXWTP	ADE
SMM4H20228SQzH96Fh6VXXWTP	ADE
SMM4H20228SQzH96Fh6VXXWTP	ADE
SMM4H2022ML2qpJC5MECRmBcO	ADE
SMM4H2022NsTYFsUdFWV9IRcJ	ADE
SMM4H2022NsTYFsUdFWV9IRcJ	ADE
SMM4H2022IbJsyI5SxGYDmQ52	ADE
SMM4H2022IbJsyI5SxGYDmQ52	ADE
SMM4H2022Y6gaJk1bYGl9Ktck	ADE
SMM4H2022Y6gaJk1bYGl9Ktck	ADE
SMM4H2022Zyx8aITw9XPTq2DX	ADE
SMM4H2022Jnw3BLBdjuRfP7Fz	ADE
SMM4H20227KTjU7spXUHtHLC7	ADE
SMM4H20227KTjU7spXUHtHLC7	ADE
SMM4H2022fYpI7flCVarhg45r	ADE
SMM4H2022fYpI7flCVarhg45r	ADE
SMM4H2022H4IsG7zJnBbjXjx3	ADE
SMM4H2022LCt1kA9OSmjjbXjA	ADE
SMM4H2022eWdHWyjD58MGochf	ADE
SMM4H2022jzz4sgK4lNUyl3mI	ADE
SMM4H2022jzz4sgK4lNUyl3mI	ADE
SMM4H2022xYKOrePtFK50BLeI	ADE
SMM4H2022peEFis1EK2zVGjtG	ADE
SMM4H2022peEFis1EK2zVGjtG	ADE
SMM4H2022peEFis1EK2zVGjtG	ADE
SMM4H2022peEFis1EK2zVGjtG	ADE
SMM4H2022Fzb0wBdSzkULinux	ADE
SMM4H2022CG0C1XlqHdGFZt02	ADE
SMM4H2022CG0C1XlqHdGFZt02	ADE
SMM4H2022oqTFIvPgMq2qNwno	ADE
SMM4H202223DXQE58ZWouYbQU	ADE
SMM4H2022RRPo6ukUpAn334nG	ADE
SMM4H2022RRPo6ukUpAn334nG	ADE
SMM4H2022RRPo6ukUpAn334nG	ADE
SMM4H2022DSxYRwdHlt4CRXKV	ADE
SMM4H2022DSxYRwdHlt4CRXKV	ADE
SMM4H2022DSxYRwdHlt4CRXKV	ADE
SMM4H2022DSxYRwdHlt4CRXKV	ADE
SMM4H202226aLT5ApjXCgax1i	ADE
SMM4H20223CWv2JEBnGz0Bai1	ADE
SMM4H2022XgHR7owclVoPiV0E	ADE
SMM4H2022XgHR7owclVoPiV0E	ADE
SMM4H2022tikvSt13ECmbtlge	ADE
SMM4H2022tikvSt13ECmbtlge	ADE
SMM4H2022MnDj4GvgNWdD8LDA	ADE
SMM4H2022UsQOREUBkMZlbbta	ADE
SMM4H2022UsQOREUBkMZlbbta	ADE
SMM4H2022zmHe1GV0O4mNTk1H	ADE
SMM4H2022zmHe1GV0O4mNTk1H	ADE
SMM4H2022BTPhZAHRwGfIDXHV	ADE
SMM4H2022BTPhZAHRwGfIDXHV	ADE
SMM4H2022BTPhZAHRwGfIDXHV	ADE
SMM4H2022OHvwxzXABnNPgNw4	ADE
SMM4H2022OHvwxzXABnNPgNw4	ADE
SMM4H2022jfY4aDThAwMD1srm	ADE
SMM4H2022jfY4aDThAwMD1srm	ADE
SMM4H2022TbAtd2AAkAnE1RSa	ADE
SMM4H2022QqJMFPK7Xu56YfD5	ADE
SMM4H2022B6CI5q0kQ2Dvjaay	ADE
SMM4H2022B6CI5q0kQ2Dvjaay	ADE
SMM4H2022bD08yjz8skq2ETbI	ADE
SMM4H2022JO58fZKqgaIKsE6k	ADE
SMM4H2022ynObKHFE6C0WET6E	ADE
SMM4H2022ynObKHFE6C0WET6E	ADE
SMM4H2022oUZsg1dXBbQLJZZs	ADE
SMM4H2022PTBh5iZbI31xfF2W	ADE
SMM4H2022zSQPD8e9xfSX4bvt	ADE
SMM4H2022zSQPD8e9xfSX4bvt	ADE
SMM4H2022zSQPD8e9xfSX4bvt	ADE
SMM4H2022zSQPD8e9xfSX4bvt	ADE
SMM4H2022Z8Fvz33mgSrzCZcp	ADE
SMM4H2022Z8Fvz33mgSrzCZcp	ADE
SMM4H2022E9JVOH0ABIlKbmPz	ADE
SMM4H2022E9JVOH0ABIlKbmPz	ADE
SMM4H2022Cby2j3FfnXZQhi0b	ADE
SMM4H2022Cby2j3FfnXZQhi0b	ADE
SMM4H2022nFroSLt9PcIKzoNr	ADE
SMM4H2022nFroSLt9PcIKzoNr	ADE
SMM4H2022lszKypsFsuOs0dm2	ADE
SMM4H2022lszKypsFsuOs0dm2	ADE
SMM4H20220eQo57gjLeHjehJN	ADE
SMM4H2022ysTnmwFd5gYXKuba	ADE
SMM4H2022i1DxrP98PelFDx31	ADE
SMM4H2022i1DxrP98PelFDx31	ADE
SMM4H2022Ew3S4cNAKmAOLvAS	ADE
SMM4H2022Ew3S4cNAKmAOLvAS	ADE
SMM4H2022KnQdcQOmOHVWCNRf	ADE
SMM4H2022KnQdcQOmOHVWCNRf	ADE
SMM4H2022deP8Dwnzl2KeclJ6	ADE
SMM4H2022TNHhV7oQfNa3o1ya	ADE
SMM4H2022i9irLKtl5Qx7bHHb	ADE
SMM4H2022jnEQaxaxUESnQ6CV	ADE
SMM4H2022EfYSGNZiQAY1UNo2	ADE
SMM4H2022EfYSGNZiQAY1UNo2	ADE
SMM4H2022DPzCrH3NOe5X8MUY	ADE
SMM4H2022DPzCrH3NOe5X8MUY	ADE
SMM4H2022wUeY3YILI8vCR4n6	ADE
SMM4H2022VnNaGroPv4j9NKbD	ADE
SMM4H20221VfhJqIiaOAmBkiU	ADE
SMM4H2022elVsVPqcXorKuNMq	ADE
SMM4H2022hkeHIUGElMp4GJ3q	ADE
SMM4H2022hkeHIUGElMp4GJ3q	ADE
SMM4H2022QDVilisNO9fplXdS	ADE
SMM4H2022OqJXgOxq3iLHJ7eV	ADE
SMM4H2022OqJXgOxq3iLHJ7eV	ADE
SMM4H2022OqJXgOxq3iLHJ7eV	ADE
SMM4H2022wJGNHJfJ0QyUCt2g	ADE
SMM4H2022wJGNHJfJ0QyUCt2g	ADE
SMM4H2022hz0FQ8r0MLm3S9VX	ADE
SMM4H2022hz0FQ8r0MLm3S9VX	ADE
SMM4H2022hz0FQ8r0MLm3S9VX	ADE
SMM4H2022fKUyiGt8tcWnb8vC	ADE
SMM4H2022XyJLNJX4itmryS7I	ADE
SMM4H2022VA6qHWeGbMkODdKf	ADE
SMM4H2022VA6qHWeGbMkODdKf	ADE
SMM4H2022u9AIlS5pbl0xBr03	ADE
SMM4H2022nmIhXCXcKweDOQkU	ADE
SMM4H2022uNfmgmd6yJZmLX2j	ADE
SMM4H20220pvNAlRHKXqaqXK1	ADE
SMM4H20220pvNAlRHKXqaqXK1	ADE
SMM4H2022BpEBLQSTVv00AF3A	ADE
SMM4H2022BpEBLQSTVv00AF3A	ADE
SMM4H2022OmD5f1RIEtqgWeDx	ADE
SMM4H2022piVDuKqKVzyhbqn8	ADE
SMM4H2022piVDuKqKVzyhbqn8	ADE
SMM4H2022piVDuKqKVzyhbqn8	ADE
SMM4H2022XwzxHWBy7eLZBndZ	ADE
SMM4H2022XwzxHWBy7eLZBndZ	ADE
SMM4H2022DFucVhSrQ3HkDlwK	ADE
SMM4H2022kKKVfS7HzXPW5ne5	ADE
SMM4H2022kKKVfS7HzXPW5ne5	ADE
SMM4H2022EyPwgHUBJhuj5bg7	ADE
SMM4H2022Bx9T6EL3aoHotDAi	ADE
SMM4H20224Vxnk8IeZ7Uh3oe4	ADE
SMM4H2022tNWUy3yDn6QdXzrQ	ADE
SMM4H20223FKF9cFKvXgAJf3o	ADE
SMM4H2022eeGXGtxt2JjwxHa1	ADE
SMM4H2022eeGXGtxt2JjwxHa1	ADE
SMM4H2022ERFVevnYLwfXhNJb	ADE
SMM4H2022ERFVevnYLwfXhNJb	ADE
SMM4H20225EAL8yUF3xVREHU6	ADE
SMM4H20225EAL8yUF3xVREHU6	ADE
SMM4H20226r5VLTRDgCETyAIF	ADE
SMM4H20226r5VLTRDgCETyAIF	ADE
SMM4H2022IHsK32BMyADCWmu3	ADE
SMM4H202219IBDJje4CkGBL4t	ADE
SMM4H2022crwbPXu6zRp9Cx7Q	ADE
SMM4H20225cYptlWXb1XHgW9S	ADE
SMM4H20225cYptlWXb1XHgW9S	ADE
SMM4H2022pHeiGKZ4gldWSQ3Z	ADE
SMM4H2022pHeiGKZ4gldWSQ3Z	ADE
SMM4H2022pHeiGKZ4gldWSQ3Z	ADE
SMM4H2022cPDqMtutZzXHE1Wu	ADE
SMM4H2022cPDqMtutZzXHE1Wu	ADE
SMM4H2022J1NOhYaCW6AeMJmb	ADE
SMM4H2022SusEvHSO36LgqgSz	ADE
SMM4H2022SusEvHSO36LgqgSz	ADE
SMM4H2022wBWqLm9VlTJwwzrN	ADE
SMM4H2022wBWqLm9VlTJwwzrN	ADE
SMM4H2022Dn1ZD3IhYkbel50k	ADE
SMM4H2022Dn1ZD3IhYkbel50k	ADE
SMM4H2022UdqJmqdlmoB0HA5y	ADE
SMM4H2022HELwSPiHdiSMV7zp	ADE
SMM4H2022HELwSPiHdiSMV7zp	ADE
SMM4H2022xnO2YmXSKEibBGZW	ADE
SMM4H2022Ohbcow2EeDw6HroB	ADE
SMM4H2022Ohbcow2EeDw6HroB	ADE
SMM4H2022DaePdpENqKjoEoVq	ADE
SMM4H2022DaePdpENqKjoEoVq	ADE
SMM4H2022DaePdpENqKjoEoVq	ADE
SMM4H2022Hx1wOpdKc4af1CRY	ADE
SMM4H2022Kzh2CswWjNlzIK7u	ADE
SMM4H2022Wu3KVAhiqr9RkcPZ	ADE
SMM4H2022Wu3KVAhiqr9RkcPZ	ADE
SMM4H2022Wu3KVAhiqr9RkcPZ	ADE
SMM4H20229JEt7NgnllVf5GtN	ADE
SMM4H2022XGWgtEdHxedV094c	ADE
SMM4H2022XGWgtEdHxedV094c	ADE
SMM4H2022XGWgtEdHxedV094c	ADE
SMM4H2022VThNowbcA4NEiKHq	ADE
SMM4H20220Ogf8Qtxi6P8BEuG	ADE
SMM4H20221cJSVYyXJNFRRWVh	ADE
SMM4H20221PPoVLgQJReOQCWh	ADE
SMM4H20221PPoVLgQJReOQCWh	ADE
SMM4H20221PPoVLgQJReOQCWh	ADE
SMM4H202246g9j4I35Um7PYkp	ADE
SMM4H202246g9j4I35Um7PYkp	ADE
SMM4H2022HnJTtBPZpDenshuo	ADE
SMM4H2022VliYWVinQbqXcZjE	ADE
SMM4H2022VliYWVinQbqXcZjE	ADE
SMM4H2022h2NAtMWVDyD76smv	ADE
SMM4H20228DNrgxK8H6AXzHjv	ADE
SMM4H20228DNrgxK8H6AXzHjv	ADE
SMM4H2022eJogdzGCmyIpcHhI	ADE
SMM4H2022mTxdbQdZcoNlKEjE	ADE
SMM4H2022mTxdbQdZcoNlKEjE	ADE
SMM4H2022aXG1dfzTFUBVkMG8	ADE
SMM4H2022wJy8y8RmXNacZuFM	ADE
SMM4H2022wJy8y8RmXNacZuFM	ADE
SMM4H2022rKdNDa8DxUSJBtDR	ADE
SMM4H2022R5JoWow5TWIWU2tF	ADE
SMM4H2022R5JoWow5TWIWU2tF	ADE
SMM4H2022yX2dvdLYJkBSqyGG	ADE
SMM4H2022yX2dvdLYJkBSqyGG	ADE
SMM4H2022d927ZRaq8oqf7RAH	ADE
SMM4H20224uGcw5cza8yicY3R	ADE
SMM4H20224ggjI0EW9enpNnjk	ADE
SMM4H20224ggjI0EW9enpNnjk	ADE
SMM4H20224ggjI0EW9enpNnjk	ADE
SMM4H20224ggjI0EW9enpNnjk	ADE
SMM4H2022cBh1eQg5wuDb3ZEX	ADE
SMM4H2022cBh1eQg5wuDb3ZEX	ADE
SMM4H2022xz8j6sHRsh2TMJxR	ADE
SMM4H20224r68wOQ1TFY0T6fW	ADE
SMM4H20224r68wOQ1TFY0T6fW	ADE
SMM4H2022Qt6yyV889onnyv43	ADE
SMM4H2022eNoXBMQllynOqQlA	ADE
SMM4H2022eNoXBMQllynOqQlA	ADE
SMM4H2022eNoXBMQllynOqQlA	ADE
SMM4H2022eNoXBMQllynOqQlA	ADE
SMM4H2022eVCfpDwjILkvZqei	ADE
SMM4H2022JqxDSECM3knLYFu5	ADE
SMM4H2022JqxDSECM3knLYFu5	ADE
SMM4H2022JqxDSECM3knLYFu5	ADE
SMM4H2022JqxDSECM3knLYFu5	ADE
SMM4H2022BUZVwA4AhjFwIc5k	ADE
SMM4H2022BUZVwA4AhjFwIc5k	ADE
SMM4H20221h0rCQQIZ8uneVfj	ADE
SMM4H20221h0rCQQIZ8uneVfj	ADE
SMM4H2022XHWOXPzFbhXym1pA	ADE
SMM4H2022XHWOXPzFbhXym1pA	ADE
SMM4H2022x3nbWxlZNKzyztqU	ADE
SMM4H2022x3nbWxlZNKzyztqU	ADE
SMM4H2022xZM2CDZyUCTfsM2a	ADE
SMM4H2022xZM2CDZyUCTfsM2a	ADE
SMM4H2022xZM2CDZyUCTfsM2a	ADE
SMM4H2022xZM2CDZyUCTfsM2a	ADE
SMM4H2022ZqvKsQEsr0Iq0Pcj	ADE
SMM4H2022ZqvKsQEsr0Iq0Pcj	ADE
SMM4H20225QzXooOeZjdePvSv	ADE
SMM4H20225QzXooOeZjdePvSv	ADE
SMM4H20227DXTMFhwp9ejjxBw	ADE
SMM4H20227DXTMFhwp9ejjxBw	ADE
SMM4H2022t5xoRjKv7l52kTGP	ADE
SMM4H2022XmLA51zbG2WrvYNh	ADE
SMM4H2022XmLA51zbG2WrvYNh	ADE
SMM4H2022ZRsMTUj6RpbtQWe9	ADE
SMM4H2022k25IXYL24MogWtUX	ADE
SMM4H2022Bsi55XfbbUXKKP33	ADE
SMM4H2022sYMdXL20LaqcUote	ADE
SMM4H2022sYMdXL20LaqcUote	ADE
SMM4H2022sYMdXL20LaqcUote	ADE
SMM4H2022sYMdXL20LaqcUote	ADE
SMM4H2022sYMdXL20LaqcUote	ADE
SMM4H2022sYMdXL20LaqcUote	ADE
SMM4H2022sYMdXL20LaqcUote	ADE
SMM4H2022sYMdXL20LaqcUote	ADE
SMM4H2022Ic6cwEtFeJB2T9K1	ADE
SMM4H2022PdRePYtGlDEhRo9q	ADE
SMM4H2022nfVvCVg7WVGKrfgc	ADE
SMM4H2022kZSW7UHRW4hnAZMd	ADE
SMM4H2022kZSW7UHRW4hnAZMd	ADE
SMM4H2022OGUKd4Q0wJBIFE5d	ADE
SMM4H2022OGUKd4Q0wJBIFE5d	ADE
SMM4H2022ppi7544AVVGZnuc0	ADE
SMM4H2022ppi7544AVVGZnuc0	ADE
SMM4H2022ppi7544AVVGZnuc0	ADE
SMM4H2022XaAWQgLEpvxyryK1	ADE
SMM4H2022GrUL6WTxEGFL5oAg	ADE
SMM4H20221q0l2kkUgIzVMMcs	ADE
SMM4H20221q0l2kkUgIzVMMcs	ADE
SMM4H202273zqs877eP0sxb4Y	ADE
SMM4H202273zqs877eP0sxb4Y	ADE
SMM4H2022OtxIez537Esm9LMb	ADE
SMM4H2022OtxIez537Esm9LMb	ADE
SMM4H2022wnNbdqMUxiWeywPm	ADE
SMM4H2022NT8MvTeEFiodsFgv	ADE
SMM4H2022NT8MvTeEFiodsFgv	ADE
SMM4H2022SPLdFkMPXmESFbQq	ADE
SMM4H2022RXWlwwVt6yQyP4fw	ADE
SMM4H2022RXWlwwVt6yQyP4fw	ADE
SMM4H2022RXWlwwVt6yQyP4fw	ADE
SMM4H2022RXWlwwVt6yQyP4fw	ADE
SMM4H2022RXWlwwVt6yQyP4fw	ADE
SMM4H2022RXWlwwVt6yQyP4fw	ADE
SMM4H2022RXWlwwVt6yQyP4fw	ADE
SMM4H2022AemspyQ0a9IPQYXw	ADE
SMM4H2022AemspyQ0a9IPQYXw	ADE
SMM4H2022QdRrOGi2v3pRbpHE	ADE
SMM4H2022zVPXYMJEHYOlQ6Ib	ADE
SMM4H2022AJAFtU4kMAs2Yqg9	ADE
SMM4H2022AJAFtU4kMAs2Yqg9	ADE
SMM4H2022AJAFtU4kMAs2Yqg9	ADE
SMM4H2022QgR91vo6v6m62Q7o	ADE
SMM4H2022QgR91vo6v6m62Q7o	ADE
SMM4H2022quEKjdHKl010FZVp	ADE
SMM4H2022quEKjdHKl010FZVp	ADE
SMM4H2022VNoWz2REYRTcFy6o	ADE
SMM4H2022VNoWz2REYRTcFy6o	ADE
SMM4H2022VNoWz2REYRTcFy6o	ADE
SMM4H2022GiUloKHmhkRr7RfK	ADE
SMM4H2022dlfE0CN0EQZ8Yycc	ADE
SMM4H2022gAqLbjRYmWBB6p2q	ADE
SMM4H2022dh7rJkBPm1DWMRQ3	ADE
SMM4H202297JG3GRL0r7F3oii	ADE
SMM4H202297JG3GRL0r7F3oii	ADE
SMM4H202297JG3GRL0r7F3oii	ADE
SMM4H2022JgPZ75dlpC8C6C3H	ADE
SMM4H2022JgPZ75dlpC8C6C3H	ADE
SMM4H2022rePGx8abzfugJCVH	ADE
SMM4H2022FLGHUTXktB5H1zIS	ADE
SMM4H2022nWaoQ8tSxj8QFmkG	ADE
SMM4H2022Fk2pL4jxbiufAQz2	ADE
SMM4H2022Fk2pL4jxbiufAQz2	ADE
SMM4H2022Fk2pL4jxbiufAQz2	ADE
SMM4H202229fanYISYc0jXnR2	ADE
SMM4H2022ZoKc24UU9qSskusS	ADE
SMM4H2022ZoKc24UU9qSskusS	ADE
SMM4H2022oartCOZedxGoF34r	ADE
SMM4H2022oartCOZedxGoF34r	ADE
SMM4H2022oartCOZedxGoF34r	ADE
SMM4H2022seOX3nx6bNIH0lhF	ADE
SMM4H2022seOX3nx6bNIH0lhF	ADE
SMM4H2022zoIyzS080QH8bpUP	ADE
SMM4H2022zoIyzS080QH8bpUP	ADE
SMM4H2022zoIyzS080QH8bpUP	ADE
SMM4H2022zoIyzS080QH8bpUP	ADE
SMM4H20221sHBtdZJBsGJ3LwR	ADE
SMM4H2022fREh2XI74TWyahQ6	ADE
SMM4H2022fREh2XI74TWyahQ6	ADE
SMM4H2022TVN7KsMM5gevyWhp	ADE
SMM4H2022TVN7KsMM5gevyWhp	ADE
SMM4H2022kvYkDcRL5CIlilM5	ADE
SMM4H2022kvYkDcRL5CIlilM5	ADE
SMM4H2022YJppxwANJQSY1m9x	ADE
SMM4H20223cfivADgM73dcaqE	ADE
SMM4H2022iCyAAqhPCL1hN6sz	ADE
SMM4H2022xEKriuQOHMJvxv6S	ADE
SMM4H2022Uha48w7IbkKucWEv	ADE
SMM4H2022vMG4BOxp9R3ylT60	ADE
SMM4H2022faF270d5ACiHD09X	ADE
SMM4H2022faF270d5ACiHD09X	ADE
SMM4H2022EyMGRETJHSunPFam	ADE
SMM4H2022mvBLdiGdRpznis6F	ADE
SMM4H2022mvBLdiGdRpznis6F	ADE
SMM4H2022vDOYDgyJZxi3AfWr	ADE
SMM4H20223tmTYWiaG5Gx8AXQ	ADE
SMM4H2022jT1k3ZJRIRFr8vdN	ADE
SMM4H2022jT1k3ZJRIRFr8vdN	ADE
SMM4H2022mwTwNQe8c7qELvoj	ADE
SMM4H2022mwTwNQe8c7qELvoj	ADE
SMM4H2022VCg967jaRwauB7M6	ADE
SMM4H2022TVxkoVV8POivz2cg	ADE
SMM4H2022gdrlP9V98OjgYn1h	ADE
SMM4H2022WhYWRNGFEkALdgiB	ADE
SMM4H2022UjUoWAcioXwoXrmN	ADE
SMM4H2022UjUoWAcioXwoXrmN	ADE
SMM4H2022UjUoWAcioXwoXrmN	ADE
SMM4H2022DtQbxC8jee3yAjEg	ADE
SMM4H2022DtQbxC8jee3yAjEg	ADE
SMM4H2022rEAo0MhuRcPQGMcx	ADE
SMM4H2022x224e9kpbUotQ83B	ADE
SMM4H2022x224e9kpbUotQ83B	ADE
SMM4H2022x224e9kpbUotQ83B	ADE
SMM4H2022bRO6gxOfmAidtYpq	ADE
SMM4H2022bRO6gxOfmAidtYpq	ADE
SMM4H2022MaoNl62q5dfg0X43	ADE
SMM4H2022MaoNl62q5dfg0X43	ADE
SMM4H2022lYwPycpPzTEZeqC9	ADE
SMM4H2022lYwPycpPzTEZeqC9	ADE
SMM4H2022B1t3y1YzW1o9IXRS	ADE
SMM4H2022B1t3y1YzW1o9IXRS	ADE
SMM4H2022RBeuKIpaZmSt4HSL	ADE
SMM4H2022RBeuKIpaZmSt4HSL	ADE
SMM4H2022RBeuKIpaZmSt4HSL	ADE
SMM4H2022RBeuKIpaZmSt4HSL	ADE
SMM4H2022nWt7PzfteIMGo4un	ADE
SMM4H2022FxnzX8o6akC1A8AC	ADE
SMM4H20221RQKhLykLMydtDkw	ADE
SMM4H2022WZ6hXqt3P5tmzGQW	ADE
SMM4H20229SZCO8asIBmAO1pd	ADE
SMM4H2022vRV5fKveap2qzfsJ	ADE
SMM4H2022wwloDYCyWIjib2Pb	ADE
SMM4H2022AQvFCYJIZ75CZT6K	ADE
SMM4H2022MOFJilJuTfgGcuTL	ADE
SMM4H2022LJ7qxW0qCFcTeWuK	ADE
SMM4H2022OaoS9I9bDMG8rygb	ADE
SMM4H2022OaoS9I9bDMG8rygb	ADE
SMM4H20223IJtOyXw7GygaK1v	ADE
SMM4H2022ZTkHtJ9K2fHRHiVH	ADE
SMM4H2022aMpoXKTGKn4VN0L0	ADE
SMM4H2022R9V4kSdIi5istPUq	ADE
SMM4H2022fgJeGOYO5LdpZuaD	ADE
SMM4H2022C1iYDPNfNKvnS5Mg	ADE
SMM4H2022lXxReHKyHHDjTInF	ADE
SMM4H2022tMlhJfENTacYmpBJ	ADE
SMM4H20222vtDinnXG9Q9ai0O	ADE
SMM4H20222vtDinnXG9Q9ai0O	ADE
SMM4H20226kdflee3hHSKSLLR	ADE
SMM4H20226kdflee3hHSKSLLR	ADE
SMM4H2022PEtV7oJJ4oeGgInX	ADE
SMM4H2022FsFXsrgZx5McigLW	ADE
SMM4H2022FsFXsrgZx5McigLW	ADE
SMM4H2022MxVK4Kr3BOKdqyVq	ADE
SMM4H2022MxVK4Kr3BOKdqyVq	ADE
SMM4H2022cyNaBGtN3XzJsezy	ADE
SMM4H2022cyNaBGtN3XzJsezy	ADE
SMM4H2022cyNaBGtN3XzJsezy	ADE
SMM4H2022dKAzjrSGg5ecoi0S	ADE
SMM4H2022lotbVruKigtPwGzr	ADE
SMM4H2022lotbVruKigtPwGzr	ADE
SMM4H20229zMNQ7V95TYkkttX	ADE
SMM4H2022n7g9BpX0YtrwMNIF	ADE
SMM4H2022n7g9BpX0YtrwMNIF	ADE
SMM4H202281Eg2d0wun0cK4UH	ADE
SMM4H20223FbV5c7juVUOy8Lu	ADE
SMM4H2022VSlQdndtUOoYrpWj	ADE
SMM4H2022VSlQdndtUOoYrpWj	ADE
SMM4H2022VSlQdndtUOoYrpWj	ADE
SMM4H2022tG4dILAp3p4ef81P	ADE
SMM4H2022cZSFCv9giGkQiTio	ADE
SMM4H2022cZSFCv9giGkQiTio	ADE
SMM4H202293rUCWHnZXH3Qwzm	ADE
SMM4H2022U217mBTbSmjNI27J	ADE
SMM4H2022H6m1Wzlz1SRhJ9Vy	ADE
SMM4H2022ZGyiKVCMmfPa1IxT	ADE
SMM4H2022sVRoF9tnx9cfi5PM	ADE
SMM4H2022g1kUHszcigvBbSjt	ADE
SMM4H2022uTLDGdWyQZoMctLW	ADE
SMM4H2022uTLDGdWyQZoMctLW	ADE
SMM4H2022uTLDGdWyQZoMctLW	ADE
SMM4H2022uTLDGdWyQZoMctLW	ADE
SMM4H2022GeW2mGArOLmn74V7	ADE
SMM4H2022GeW2mGArOLmn74V7	ADE
SMM4H2022wyM8jhDvp5kKKn18	ADE
SMM4H2022AXnne7yioko9K2GX	ADE
SMM4H2022AXnne7yioko9K2GX	ADE
SMM4H2022UA3EbTRs7DQUyOyd	ADE
SMM4H2022yQphZd7iNCR1ML4S	ADE
SMM4H2022yQphZd7iNCR1ML4S	ADE
SMM4H2022yQphZd7iNCR1ML4S	ADE
SMM4H2022MPnEeyOkSclgaOMa	ADE
SMM4H2022qu8r7A0mHZjaeeTA	ADE
SMM4H2022uWAzmvXiLv4Fe1XW	ADE
SMM4H2022OQDxH5abIi4FPaUM	ADE
SMM4H2022Wlusv0Z3YQ6pdgEb	ADE
SMM4H2022Wlusv0Z3YQ6pdgEb	ADE
SMM4H2022Wlusv0Z3YQ6pdgEb	ADE
SMM4H2022f6bNqaDOCuYNpi9f	ADE
SMM4H2022f6bNqaDOCuYNpi9f	ADE
SMM4H2022G0nM6eplEViEhODF	ADE
SMM4H2022G0nM6eplEViEhODF	ADE
SMM4H20225iIAsodpdgfkrgjQ	ADE
SMM4H20225iIAsodpdgfkrgjQ	ADE
SMM4H2022VR1OehNgsG4nFroM	ADE
SMM4H2022VR1OehNgsG4nFroM	ADE
SMM4H2022NTISQKWR1U3fBhtV	ADE
SMM4H2022OeeKl7xKWUdkEe7B	ADE
SMM4H2022FmgnRRW5LwTZ7zhA	ADE
SMM4H2022FmgnRRW5LwTZ7zhA	ADE
SMM4H2022YLjDHQ7Y41LyTqdK	ADE
SMM4H20225dJuVbiYm6nLzpfp	ADE
SMM4H2022RKhOFHS1knqIexJf	ADE
SMM4H2022RKhOFHS1knqIexJf	ADE
SMM4H2022LD9h4EDZHNbAEZXI	ADE
SMM4H20222P2BlMXOkd0tHhiL	ADE
SMM4H20222P2BlMXOkd0tHhiL	ADE
SMM4H20222P2BlMXOkd0tHhiL	ADE
SMM4H20222P2BlMXOkd0tHhiL	ADE
SMM4H20222P2BlMXOkd0tHhiL	ADE
SMM4H2022O5zYR3Okt9vTPFDG	ADE
SMM4H2022O5zYR3Okt9vTPFDG	ADE
SMM4H2022elXW4zKRzUELZsez	ADE
SMM4H2022elXW4zKRzUELZsez	ADE
SMM4H2022j44ic8nGDBGDrQgX	ADE
SMM4H2022j44ic8nGDBGDrQgX	ADE
SMM4H2022j44ic8nGDBGDrQgX	ADE
SMM4H2022d9WMNFhkLRJ11bcF	ADE
SMM4H20226FcS11CpAn6edFWy	ADE
SMM4H20226FcS11CpAn6edFWy	ADE
SMM4H2022PxVuR1k0KT1fLYoF	ADE
SMM4H2022523JUXzccxY8lrvX	ADE
SMM4H2022523JUXzccxY8lrvX	ADE
SMM4H2022523JUXzccxY8lrvX	ADE
SMM4H20227bvnu3PeSSDDAu77	ADE
SMM4H2022ntKZGggLnApGYZ0i	ADE
SMM4H2022anMoAMt49ADycI5q	ADE
SMM4H2022anMoAMt49ADycI5q	ADE
SMM4H2022REqvQ2dNvQvQKc7n	ADE
SMM4H2022XfRAbdvQJ6KI1WpW	ADE
SMM4H2022XfRAbdvQJ6KI1WpW	ADE
SMM4H2022GfmhwnednThsrmgK	ADE
SMM4H20220jr6eygoqMCyMuH3	ADE
SMM4H20220jr6eygoqMCyMuH3	ADE
SMM4H2022w1YXGTSIFEMX4Szm	ADE
SMM4H2022w1YXGTSIFEMX4Szm	ADE
SMM4H20226q123cApd9RXzQXP	ADE
SMM4H20226q123cApd9RXzQXP	ADE
SMM4H20226q123cApd9RXzQXP	ADE
SMM4H20226q123cApd9RXzQXP	ADE
SMM4H2022wlorJoKQYgYSlDpR	ADE
SMM4H2022wlorJoKQYgYSlDpR	ADE
SMM4H2022wlorJoKQYgYSlDpR	ADE
SMM4H20226SwfehHZALk6ykPS	ADE
SMM4H20226SwfehHZALk6ykPS	ADE
SMM4H2022UEzGwUQC9blv31HP	ADE
SMM4H2022KnLsIdz4mQXYohp9	ADE
SMM4H2022KnLsIdz4mQXYohp9	ADE
SMM4H2022Gk5Uxx7TKrtLQPLR	ADE
SMM4H2022Gk5Uxx7TKrtLQPLR	ADE
SMM4H2022tk6OK5tX9EobuBUq	ADE
SMM4H2022tk6OK5tX9EobuBUq	ADE
SMM4H2022tk6OK5tX9EobuBUq	ADE
SMM4H2022LS9vUKbTtM9UV85M	ADE
SMM4H2022LS9vUKbTtM9UV85M	ADE
SMM4H2022SrzOoY44VG6Ovm0N	ADE
SMM4H2022SrzOoY44VG6Ovm0N	ADE
SMM4H2022LgUOdIeAIlEcYLJ6	ADE
SMM4H2022WGds4xVyjE9aRqNZ	ADE
SMM4H2022DIaJVzfIF4MZddQ2	ADE
SMM4H2022DIaJVzfIF4MZddQ2	ADE
SMM4H2022F7U5N00BPS5RFGv6	ADE
SMM4H2022Nj9NwBtIxjwnZmcb	ADE
SMM4H20220gTJWpuG9Zmj5EP6	ADE
SMM4H2022pLd8TRRk804IulMO	ADE
SMM4H2022TFhzYBheuUpo2SOB	ADE
SMM4H2022Twd5Qf0A8pjtJeAw	ADE
SMM4H2022d6Kx9hYDGR2GwSSs	ADE
SMM4H2022B3gq6aFZpoMNdMxj	ADE
SMM4H2022OmIksUDKaib8BYK2	ADE
SMM4H2022XT6EWoUyfcWf3PJU	ADE
SMM4H2022HhrEKmhfNJ0XxtZc	ADE
SMM4H2022KqEgit27yTTX3wvk	ADE
SMM4H2022yXWoUTRpc1Q6NQ4Q	ADE
SMM4H2022vouQhAUckmEEapMV	ADE
SMM4H2022424F8MnA4PZrTCWk	ADE
SMM4H2022NMTK5a7GN1lIj9Gs	ADE
SMM4H20220cp8vZcBcp3C8o83	ADE
SMM4H20220cp8vZcBcp3C8o83	ADE
SMM4H2022x4Y5cYuDVY21jQSW	ADE
SMM4H2022ETy3F7uGnSHh7ju4	ADE
SMM4H2022ETy3F7uGnSHh7ju4	ADE
SMM4H2022qXr6EaNu9IJU9FNz	ADE
SMM4H2022wv2Sq3ey6t00Ymur	ADE
SMM4H2022d90hSD4KmfSVX6l9	ADE
SMM4H2022aCdxcGlAwPr4efds	ADE
SMM4H2022GjtgenVOz4mcCjBc	ADE
SMM4H2022imGbQ7QLByhuGgyF	ADE
SMM4H2022GGViPD4UXrpST5lJ	ADE
SMM4H2022GGViPD4UXrpST5lJ	ADE
SMM4H20220EbDlejjO1pA0FnD	ADE
SMM4H2022mj8BpnYhNLI1EV1b	ADE
SMM4H2022GqwvFQAUMJV47yZc	ADE
SMM4H2022JXTsT6SuBHCRC0kT	ADE
SMM4H2022X89E6Vz0rCECp5Ao	ADE
SMM4H2022w8pa04oFn9xIFpQx	ADE
SMM4H2022NPhWMfGzATko7bA0	ADE
SMM4H2022NPhWMfGzATko7bA0	ADE
SMM4H2022bsnRXyzWDM7PHPl6	ADE
SMM4H2022t0YfX5dAWRj3Duaf	ADE
SMM4H2022t0YfX5dAWRj3Duaf	ADE
SMM4H2022t0YfX5dAWRj3Duaf	ADE
SMM4H20227ug9H6x8waIlzsGd	ADE
SMM4H2022TPmXseHez2XTpT93	ADE
SMM4H2022bwpcf0BhiMUolVhI	ADE
SMM4H2022UfSmRKU2WkbGhqwl	ADE
SMM4H2022UfSmRKU2WkbGhqwl	ADE
SMM4H2022X26c1oBQIgWDlPOg	ADE
SMM4H202294jhzmpwqqpgtiws	ADE
SMM4H2022RaTYtN5sirUZbLzA	ADE
SMM4H2022tNlvoYcPIxmdn3PG	ADE
SMM4H2022nT3FiiqCwZYTgg7o	ADE
SMM4H2022mSBfVU6VuL6F1RFF	ADE
SMM4H2022rvwfV71mHUQV036j	ADE
SMM4H2022c59nZliAlD4NM2fB	ADE
SMM4H2022epl4cSBedfCBPrE1	ADE
SMM4H2022jNpo88M3c0HdLuUI	ADE
SMM4H2022jNpo88M3c0HdLuUI	ADE
SMM4H20225ISpa8ipCfIdzP0M	ADE
SMM4H20225Eg3QYqWyxCmbDA3	ADE
SMM4H20225Eg3QYqWyxCmbDA3	ADE
SMM4H2022cJW5Cqr4qfNgPmXL	ADE
SMM4H2022bOyFZcIPMNYaKcoW	ADE
SMM4H2022MlJMHZdkWv9uVEeM	ADE
SMM4H2022R4i70l2iAXozSRKJ	ADE
SMM4H2022Go5MbaKrAOJ2WRxj	ADE
SMM4H20229pLHa8d5nXfbveCR	ADE
SMM4H2022I2YhiESyPQGn0lD3	ADE
SMM4H2022LkDcjtETG3aiXqKt	ADE
SMM4H2022oWvVO0JWZtmJphLQ	ADE
SMM4H2022Y62C1f0ynFV4gNIY	ADE
SMM4H2022tqBo629R6CO1zohF	ADE
SMM4H2022CjTU4YFGLiZcN40e	ADE
SMM4H2022wd0SA8S6cUOE83Hq	ADE
SMM4H2022PXMK2lEZZiPjgOxu	ADE
SMM4H2022Qc31bHt7GyjCdTKy	ADE
SMM4H2022GzhxjHqRvTdxh1OU	ADE
SMM4H20229zeILvCYxlyXrzbd	ADE
SMM4H20222SDHhLymMmB4n5HQ	ADE
SMM4H2022J7DeFd8sjatYkHmx	ADE
SMM4H2022ClU9qCD20MzEXueH	ADE
SMM4H2022ClU9qCD20MzEXueH	ADE
SMM4H2022ClU9qCD20MzEXueH	ADE
SMM4H2022IEMT94lrH6Ua0rbq	ADE
SMM4H2022LY83e0DUzMUUps0t	ADE
SMM4H20229YbdxHzOfJvJfg5A	ADE
SMM4H2022q6dX2pO2yUP8IXHL	ADE
SMM4H2022q6dX2pO2yUP8IXHL	ADE
SMM4H2022EgD8AFPidiMnf97e	ADE
SMM4H20223xbslKtOxYd4tNql	ADE
SMM4H2022Hhv7Jd6WQBMewmjR	ADE
SMM4H2022ioDFQSOm7DoJBAEY	ADE
SMM4H2022i3Hv5AABXzZk2L8f	ADE
SMM4H2022dhm1xAAVSI78AaPs	ADE
SMM4H2022dhm1xAAVSI78AaPs	ADE
SMM4H2022H2y7tIWTfGW2hSPA	ADE
SMM4H20224nVWoTr0t5jhAOWB	ADE
SMM4H2022K6HmHdLrmOTP8kLu	ADE
SMM4H2022SS3CH0ZtRq3Iylul	ADE
SMM4H2022syeOpqTNcCojbIKL	ADE
SMM4H2022DSXTJ9dadWv42b8p	ADE
SMM4H2022dyJQ8uRcERIeig3X	ADE
SMM4H2022ALmDT6c4USZ5YtXk	ADE
SMM4H2022ALmDT6c4USZ5YtXk	ADE
SMM4H2022CfQKFwnnrCM7Nv5t	ADE
SMM4H2022fbLWEdM10jNNhadr	ADE
SMM4H2022fkNPin1wPBKDWLJW	ADE
SMM4H2022fkNPin1wPBKDWLJW	ADE
SMM4H2022fkNPin1wPBKDWLJW	ADE
SMM4H2022HZorlDAQJpMis0BF	ADE
SMM4H2022HZorlDAQJpMis0BF	ADE
SMM4H2022VMsOVD2YeNm0mbtr	ADE
SMM4H2022EKRwimbgcDYzeQdU	ADE
SMM4H2022EKRwimbgcDYzeQdU	ADE
SMM4H2022JntsE2UVvCXCwZpq	ADE
SMM4H2022km5fGAOne9TFs27r	ADE
SMM4H2022Yy2trmjsiA89iyQ4	ADE
SMM4H20223iksFjCXDsnLK63a	ADE
SMM4H2022Uxgvy7afbQQnAYbG	ADE
SMM4H2022WQin04z4gzP4CHBl	ADE
SMM4H2022ozEQkjYmwBBky9J7	ADE
SMM4H2022TUGT2g7fAPHTookA	ADE
SMM4H2022TUGT2g7fAPHTookA	ADE
SMM4H2022ZMWP7uu8DDee5rj5	ADE
SMM4H2022tMEm1ZAVS83hBkbV	ADE
SMM4H2022JNpcKWvImHDtO8d7	ADE
SMM4H2022FD41kTlV0Pa2rups	ADE
SMM4H2022C8kbNoRGaV0Utawz	ADE
SMM4H20225v9pLL9CGYKArBXx	ADE
SMM4H2022RLrjIm7fzglqh3Ij	ADE
SMM4H2022N8ZAaLlNfYnWq3zi	ADE
SMM4H20224HuhE0LeKyc1byX8	ADE
SMM4H2022pB7uOkY2vK6u6r70	ADE
SMM4H2022WI8nfux1aOZdZniT	ADE
SMM4H2022WI8nfux1aOZdZniT	ADE
SMM4H2022QGum4mwFq0oV1OwP	ADE
SMM4H2022QGum4mwFq0oV1OwP	ADE
SMM4H2022QGum4mwFq0oV1OwP	ADE
SMM4H202219OvcgsUmSN1NSYH	ADE
SMM4H2022nnKZ38b67fiFNqTm	ADE
SMM4H2022nnKZ38b67fiFNqTm	ADE
SMM4H2022nnKZ38b67fiFNqTm	ADE
SMM4H20225A5ixo4fUvDfinqa	ADE
SMM4H2022S8i2bZCVQF3z8VCv	ADE
SMM4H2022uMS9VCaK3us1aB3d	ADE
SMM4H2022tDmnc4MB0Th0A0r7	ADE
SMM4H2022tDmnc4MB0Th0A0r7	ADE
SMM4H2022H0gMTonqCL6N3bbA	ADE
SMM4H2022H0gMTonqCL6N3bbA	ADE
SMM4H2022Bl9QQzATn43c1Yy6	ADE
SMM4H2022FBp9RJQIOciE7mMb	ADE
SMM4H2022j1554hA8K0YRJe81	ADE
SMM4H20221sEuriQTlAf7iaHf	ADE
SMM4H2022Kww3YHEoJMqyMD1D	ADE
SMM4H2022Kww3YHEoJMqyMD1D	ADE
SMM4H2022fgCGEtUqn8nmFUDy	ADE
SMM4H20228eLoQlC3EDFTReAm	ADE
SMM4H2022WEo7HOmP9R3z9dO7	ADE
SMM4H2022WEo7HOmP9R3z9dO7	ADE
SMM4H20229YdVV8DZjhjKPr0l	ADE
SMM4H2022fBpK6etde816Ko36	ADE
SMM4H20225Sy13S7rJEAcS2NY	ADE
SMM4H2022tVeo0MR1t4FiRQEe	ADE
SMM4H2022qbHXYaxnxBbXJYv8	ADE
SMM4H2022gcQWk1MxyiIntv4u	ADE
SMM4H2022IRGUA1schp8UHRbl	ADE
SMM4H2022qHkMuhRP5UFutF44	ADE
SMM4H20222d8jxsMDM4WhUuYB	ADE
SMM4H20224o1An6R3PtGode71	ADE
SMM4H20224o1An6R3PtGode71	ADE
SMM4H2022Nofqpu6Q9UEvVqfb	ADE
SMM4H2022syIueEdKqHVarNsJ	ADE
SMM4H2022Hr4au6471ahBpITz	ADE
SMM4H2022rUm69HCcUtP1XPYl	ADE
SMM4H2022VTtPDoSgwmUeo0cr	ADE
SMM4H2022KqwHA2c0kd7Q3ORA	ADE
SMM4H2022gkCRHJCj27A8gvJt	ADE
SMM4H2022LdaWCC7cavliqrmZ	ADE
SMM4H2022IUE0W24lLuMPN5NV	ADE
SMM4H2022IUE0W24lLuMPN5NV	ADE
SMM4H2022tBw9BPNHdU4tjBG8	ADE
SMM4H20225U0DukgJOV31JoB4	ADE
SMM4H20229TPaYSQmo2EOEoOn	ADE
SMM4H2022khnltzeX4RiU5E7z	ADE
SMM4H2022iJKQLw1MojrTHLAh	ADE
SMM4H2022lIbHs6WKFsgdsGg1	ADE
SMM4H2022b3AyYCx2eQzpyg7j	ADE
SMM4H2022xVeu7mqpTExcnhpC	ADE
SMM4H2022rFR7OHZncJ5qJYJK	ADE
SMM4H2022KKp0JvhvMqvtDOo7	ADE
SMM4H2022lShOWF1jYmOfSiae	ADE
SMM4H2022lfxAiSA6X0KRAUSG	ADE
SMM4H2022OfiVeH7GDRVcmUZ1	ADE
SMM4H2022sru9Ikru9bSatyDc	ADE
SMM4H2022zQXawl19k8ZZUg8l	ADE
SMM4H2022GGa7SBYJSRZPem8v	ADE
SMM4H20226s9AGprWbhMfxSfQ	ADE
SMM4H2022bCHkz6W4813EU0RF	ADE
SMM4H2022bCHkz6W4813EU0RF	ADE
SMM4H20221OS3SoaW7RRfMzhV	ADE
SMM4H2022Ji530Wb6d4csA80c	ADE
SMM4H2022JapKia2IrtoOhqX4	ADE
SMM4H2022B28eydaPse6S2dY5	ADE
SMM4H2022B28eydaPse6S2dY5	ADE
SMM4H20224FIB44myPxZzS2Sc	ADE
SMM4H2022pKHnj50GSdL5PeCb	ADE
SMM4H20225SPioby3w0L2qKd1	ADE
SMM4H20225SPioby3w0L2qKd1	ADE
SMM4H20223L0YfQAy5OoOogCI	ADE
SMM4H20222eYxdX6iaPteGbsN	ADE
SMM4H2022X8IvS6mJ3GRtZAY8	ADE
SMM4H20223jdOYomIfrkylhrM	ADE
SMM4H2022VIrosJVqyRXIE7Vf	ADE
SMM4H202244a5ybslPiAVN0ix	ADE
SMM4H2022mMx6sMePlQ00mGEE	ADE
SMM4H2022H9ih7iOHA3QbQFMZ	ADE
SMM4H20224f9yPHG1VTBzI6Li	ADE
SMM4H2022yJkbvCqCu3tyu306	ADE
SMM4H2022HY2QGDV7TwmNTuMx	ADE
SMM4H2022P9a0RTyJVdPO1aIK	ADE
SMM4H2022dgrdzfStLmsl3rqN	ADE
SMM4H20224NXOUAq1w2iOICs4	ADE
SMM4H2022B1bAOXsfrbRejR4I	ADE
SMM4H2022toEr2OzZBBPoe4XW	ADE
SMM4H2022toEr2OzZBBPoe4XW	ADE
SMM4H20229RZPfaWoFF8yL3D5	ADE
SMM4H20225agVQKrNOsJxVe6x	ADE
SMM4H2022qy94TKLf0gBVUetm	ADE
SMM4H2022iwdyYdp1mr8gUygc	ADE
SMM4H2022LenoQcd8ciuvOenL	ADE
SMM4H2022AgCk6dWzXSV5mgLw	ADE
SMM4H2022EWIstrQb1ESqxC0n	ADE
SMM4H2022uufS75mVtVAYMcxM	ADE
SMM4H2022pOtGf3FNgANQpAhu	ADE
SMM4H2022tUUvVTfGxY1k6WGV	ADE
SMM4H2022RpoiFlsztduCC4Ru	ADE
SMM4H2022we8lRtVigLQ4Q5wt	ADE
SMM4H2022WvFAu5nku7om54Ek	ADE
SMM4H20224Z90PHiqLbGKnBdU	ADE
SMM4H2022xNCpmUEAI9NajDbb	ADE
SMM4H2022h69JBNLyXNE3pkYA	ADE
SMM4H2022QoseXF8Z2TmaNKM8	ADE
SMM4H2022s4WOJgRWINEXPdE8	ADE
SMM4H2022yHqk8UsoKbCvtyFQ	ADE
SMM4H2022fucIkOVIsfbkLpC2	ADE
SMM4H2022j0IXtdSjhIKqhQJt	ADE
SMM4H2022pecxywPt1pWY7DMi	ADE
SMM4H2022T5GKdXkKdguYMO1J	ADE
SMM4H2022T5GKdXkKdguYMO1J	ADE
SMM4H2022T5GKdXkKdguYMO1J	ADE
SMM4H2022MBY8VwAXENOjmo6E	ADE
SMM4H2022TeRcLIkhRFSjAG9n	ADE
SMM4H20228RAPVxS7nPLWDhCX	ADE
SMM4H20223tGVIB9pr26y53RR	ADE
SMM4H20223tGVIB9pr26y53RR	ADE
SMM4H2022SmguJYNnZzz2u3hK	ADE
SMM4H20223oXuus6dMq4a3ECW	ADE
SMM4H2022p4qBo2g51yhbKG1G	ADE
SMM4H2022FuuCWb2hRihWsm7y	ADE
SMM4H2022Fd9uTly6Pc1HSjeD	ADE
SMM4H2022Fd9uTly6Pc1HSjeD	ADE
SMM4H2022w6MjVyz7cjHkxD6W	ADE
SMM4H2022QWuAHprKnkrUV9SL	ADE
SMM4H2022FRzuYeMT7vcRQKru	ADE
SMM4H2022FRzuYeMT7vcRQKru	ADE
SMM4H2022gjcv3n1S3FapcE6J	ADE
SMM4H2022r4fjjVXBdSqmegja	ADE
SMM4H2022VEIISYQFjrM4wqiu	ADE
SMM4H2022062QZvnId6lFAATp	ADE
SMM4H2022gcWJC6D35W902jGc	ADE
SMM4H2022gcWJC6D35W902jGc	ADE
SMM4H2022gcWJC6D35W902jGc	ADE
SMM4H2022FZxaIlZvyhjrfHme	ADE
SMM4H2022p1c1TRSRd7frKOKR	ADE
SMM4H2022xWdqgd2FBs3O1auX	ADE
SMM4H20220u8ovihVsFTXxxRh	ADE
SMM4H2022sxU3QPPJsu3DFnDQ	ADE
SMM4H2022PVHMXQxmLdnB6ig1	ADE
SMM4H20225Vwfb1MwuMO4Oa9o	ADE
SMM4H2022nUO86zf9pMZYxG7X	ADE
SMM4H2022UTtX1JuD8qfxNC7S	ADE
SMM4H2022dYlm5G9cmQXUh8q0	ADE
SMM4H2022s1oCDCMu3Mn7qjDC	ADE
SMM4H2022TOneUeij1Xhmo0lW	ADE
SMM4H2022TOneUeij1Xhmo0lW	ADE
SMM4H2022YzNxe8kmI5VdaWVv	ADE
SMM4H2022RIqhVYo8kTlLRRSW	ADE
SMM4H2022RDhUlaEonDXdjEL5	ADE
SMM4H2022bluZIbSjcqlpK1HK	ADE
SMM4H202251tVgZba1WOrvlx8	ADE
SMM4H202251tVgZba1WOrvlx8	ADE
SMM4H202251tVgZba1WOrvlx8	ADE
SMM4H202251tVgZba1WOrvlx8	ADE
SMM4H202251tVgZba1WOrvlx8	ADE
SMM4H202251tVgZba1WOrvlx8	ADE
SMM4H2022TheRW90ev2lYzVVg	ADE
SMM4H202258FvhaxZxRk2V4IT	ADE
SMM4H2022lyrxXpt18eofAiWb	ADE
SMM4H2022Z2ES2fjAfhaBNcxS	ADE
SMM4H20229Rn8yo1MjEJTf4gj	ADE
SMM4H2022BYWVC7Nlawo5I1rq	ADE
SMM4H2022LRVyrr1dv9S3ktPL	ADE
SMM4H2022l00VIA6gNIXFAo9A	ADE
SMM4H2022LNZC6MHk9dKqkt8R	ADE
SMM4H2022LNZC6MHk9dKqkt8R	ADE
SMM4H2022LNZC6MHk9dKqkt8R	ADE
SMM4H20224GGGFgLX5mTcVE4d	ADE
SMM4H2022MDgFjIb4Qjvnk0vN	ADE
SMM4H2022MDgFjIb4Qjvnk0vN	ADE
SMM4H2022MDgFjIb4Qjvnk0vN	ADE
SMM4H2022ClEFOy3Ew8uaNIKE	ADE
SMM4H2022rjPbvb3lGAPmJiY2	ADE
SMM4H2022tmrRi9fof1noVM3x	ADE
SMM4H2022U7SELFgeAs5KACy3	ADE
SMM4H2022U7SELFgeAs5KACy3	ADE
SMM4H2022qgN8qPxOJ92vNLqa	ADE
SMM4H2022qgN8qPxOJ92vNLqa	ADE
SMM4H2022qgN8qPxOJ92vNLqa	ADE
SMM4H2022rass5RgZWRFxBDl8	ADE
SMM4H2022GjmezMXOnZSIXNXV	ADE
SMM4H2022zujqEmfxeCSALVCy	ADE
SMM4H2022eKYQej7Ww6In6nE6	ADE
SMM4H2022wohqZSVhGxU89r7F	ADE
SMM4H20225aQ966QH3SnGVlck	ADE
SMM4H20224nX02OpAo3xFQIux	ADE
SMM4H2022GzBkzX3mGwAQSM72	ADE
SMM4H2022GzBkzX3mGwAQSM72	ADE
SMM4H2022GzBkzX3mGwAQSM72	ADE
SMM4H20222UE69ALYl7RRg2bj	ADE
SMM4H20227xCSdTFyNsEhFXwQ	ADE
SMM4H2022KAcqlnWrJf7QjzGV	ADE
SMM4H2022yQ63qISVE7emLlk0	ADE
SMM4H2022yQ63qISVE7emLlk0	ADE
SMM4H2022tLhAYSaViLNdnCYn	ADE
SMM4H2022RCSUJ1RI95RYhjbo	ADE
SMM4H2022MxsNO1PDz4A8Lw3J	ADE
SMM4H2022eCgsvYg9GLsAXnOT	ADE
SMM4H2022eCgsvYg9GLsAXnOT	ADE
SMM4H2022eCgsvYg9GLsAXnOT	ADE
SMM4H2022eCgsvYg9GLsAXnOT	ADE
SMM4H2022kSXVxN3Xk2ZzoJ3A	ADE
SMM4H2022ARZUgn2FIBnCWhfi	ADE
SMM4H2022ARZUgn2FIBnCWhfi	ADE
SMM4H2022XX0W59quyJLS48hy	ADE
SMM4H2022XX0W59quyJLS48hy	ADE
SMM4H2022XX0W59quyJLS48hy	ADE
SMM4H2022XX0W59quyJLS48hy	ADE
SMM4H2022wSQArZCkJCmWdyn8	ADE
SMM4H2022ucRrwEcJlSvt4oBx	ADE
SMM4H2022AAVR0law3LJiLXDl	ADE
SMM4H2022vfqW5uaG4UucVW4E	ADE
SMM4H2022klMLkUk3yK9aztcr	ADE
SMM4H2022klMLkUk3yK9aztcr	ADE
SMM4H2022YkgPmMOwErimq7L1	ADE
SMM4H2022WphYz2eF1FK4DZDx	ADE
SMM4H2022WphYz2eF1FK4DZDx	ADE
SMM4H2022hVQH4IKdoLKCVU5x	ADE
SMM4H2022yG4jBiv5xkyFVH8j	ADE
SMM4H2022yG4jBiv5xkyFVH8j	ADE
SMM4H2022yG4jBiv5xkyFVH8j	ADE
SMM4H2022yG4jBiv5xkyFVH8j	ADE
SMM4H2022yG4jBiv5xkyFVH8j	ADE
SMM4H20229te2pYLERl3XwUU2	ADE
SMM4H2022lTOGtAT03VGRb49j	ADE
SMM4H2022BDsCCuJxbXw7P8xn	ADE
SMM4H2022gu2qDsUv8HaU0Seh	ADE
SMM4H2022sqkO4dfdGrpUt18Y	ADE
SMM4H2022ELsH0dnNMxxWrqoX	ADE
SMM4H2022vvaem8WDFoTzCktw	ADE
SMM4H2022vvaem8WDFoTzCktw	ADE
SMM4H2022qYBSll8JfY6BAIpD	ADE
SMM4H2022h8azaGU0O4CiZ2sh	ADE
SMM4H2022laVNkqCzkHwJ9BbD	ADE
SMM4H2022dFLW3stRXTw4YBka	ADE
SMM4H2022dFLW3stRXTw4YBka	ADE
SMM4H2022FEhqjrKVQSGPLlig	ADE
SMM4H2022FEhqjrKVQSGPLlig	ADE
SMM4H2022BGmR7jIjpjfMJsob	ADE
SMM4H2022BGmR7jIjpjfMJsob	ADE
SMM4H2022BGmR7jIjpjfMJsob	ADE
SMM4H2022BGmR7jIjpjfMJsob	ADE
SMM4H2022AzcnjAFctmoPlWl7	ADE
SMM4H202250ylL3sU0aqMkWTm	ADE
SMM4H2022uLDtSilc7aDvoc2j	ADE
SMM4H2022PIUCLftim4JpC40d	ADE
SMM4H2022PWXMXfzdqBzSXKI1	ADE
SMM4H2022ZbU3OS6ACQNdUQ84	ADE
SMM4H2022hE9yD28oJ9YY1CvQ	ADE
SMM4H2022f9Jb5YtPXkI759Hz	ADE
SMM4H2022f9Jb5YtPXkI759Hz	ADE
SMM4H2022VNkYcSdKJuXai3Mi	ADE
SMM4H2022IWqStTJ4spifUzTD	ADE
SMM4H2022BBOxUhw0M7axAFEe	ADE
SMM4H2022bBnZ2RcjyzNH07Hf	ADE
SMM4H2022q2puzATR1i7AbHcK	ADE
SMM4H2022eHywHXdNXiSAHcmS	ADE
SMM4H2022eHywHXdNXiSAHcmS	ADE
SMM4H2022eHywHXdNXiSAHcmS	ADE
SMM4H2022r4pIR1A1UCgEgkIF	ADE
SMM4H2022vNQMda7ZawZo1BbE	ADE
SMM4H2022Gqgf3QASJbgVChMd	ADE
SMM4H2022Gqgf3QASJbgVChMd	ADE
SMM4H2022mFiJb6L7rXo56hwu	ADE
SMM4H2022B31hCiii8RyZRJmm	ADE
SMM4H2022RgSmVGvleWX4syvO	ADE
SMM4H2022RgSmVGvleWX4syvO	ADE
SMM4H20226EwJFvqzOUhxPWwL	ADE
SMM4H2022MXYlUvRMwQXtFGB0	ADE
SMM4H2022NSF3f7WCvsYusZ6I	ADE
SMM4H20227o8o0dhatOkIGXaF	ADE
SMM4H20227o8o0dhatOkIGXaF	ADE
SMM4H2022GEXWCPbpJZFvQKJ6	ADE
SMM4H2022Nkj28TKywZjC1gdu	ADE
SMM4H2022cMk3mgn6TucH0Ii7	ADE
SMM4H2022X5APSNgz2YHwa2FD	ADE
SMM4H2022iG49u6NUsxWD1muk	ADE
SMM4H20227tZjvCnM6cjdrXHG	ADE
SMM4H2022evMytCQ50XLUDsg5	ADE
SMM4H2022qkKUslg4TT9V1kaW	ADE
SMM4H20225350ANqVPf0C31MW	ADE
SMM4H2022JzNSuPwa9su5ohnB	ADE
SMM4H2022TWdZW9m0UeNmLgTP	ADE
SMM4H2022pS2I98YqI29wS0KZ	ADE
SMM4H2022i2wSiq1cUldIXNS7	ADE
SMM4H2022i2wSiq1cUldIXNS7	ADE
SMM4H2022A4gYDzqKBvuAWMp0	ADE
SMM4H2022A4gYDzqKBvuAWMp0	ADE
SMM4H2022S31mAi9nxpEeGiBK	ADE
SMM4H2022d9nroBkQXKR0DTQi	ADE
SMM4H2022fqBfjrKHi63Mo3g1	ADE
SMM4H2022fqBfjrKHi63Mo3g1	ADE
SMM4H2022fqBfjrKHi63Mo3g1	ADE
SMM4H20220f3PALCpp3lH0XZu	ADE
SMM4H2022Tiy7hiLIOPBYdgnD	ADE
SMM4H2022M4wKld1BqZ2I2Sz2	ADE
SMM4H2022ZTgGijyROjQG0NbF	ADE
SMM4H2022EQhFueU6fmwnVVnI	ADE
SMM4H2022SwQHSWwNeonF1zEo	ADE
SMM4H2022Gg7w7WoNoqJeESDg	ADE
SMM4H2022Jsdvj1DPYma25ODb	ADE
SMM4H2022jZHRklWqLQBB2OaM	ADE
SMM4H2022MHQqVJ9gXgoFfU8N	ADE
SMM4H2022SB0VUCBbXWmzlqDe	ADE
SMM4H20225rrNhlc3GGvpqMLM	ADE
SMM4H2022LRLZrfS9lKPYGPku	ADE
SMM4H2022I63hWDR1vHNh3t1w	ADE
SMM4H2022I63hWDR1vHNh3t1w	ADE
SMM4H20226Cf5xYECrJTkfTGC	ADE
SMM4H2022wUUh6uKW6g5pUnaj	ADE
SMM4H2022Axgh6sxkzZSM7JrK	ADE
SMM4H2022qQ8IIFT6jY4c9Ayd	ADE
SMM4H2022htiXHn1a9WXTEizQ	ADE
SMM4H2022htiXHn1a9WXTEizQ	ADE
SMM4H2022tOBC3dN2o2mfD6qo	ADE
SMM4H2022YPrEpqGssoSNOOzG	ADE
SMM4H2022xVAZP89Nr4dExtf8	ADE
SMM4H2022E5KD7ryYjUhKdB9n	ADE
SMM4H2022vzyajcGwOxeXh5HG	ADE
SMM4H2022Gb5i1gEuNL1JaNnm	ADE
SMM4H2022Gb5i1gEuNL1JaNnm	ADE
SMM4H2022ify6gdv3olKzTJeE	ADE
SMM4H20221lTcafmQ8AZXXzH4	ADE
SMM4H2022eVz9Erzq5gm6G8xe	ADE
SMM4H2022jLJZ2KJEOUKaB6ZV	ADE
SMM4H2022UbTBpVTbvz5Wosx1	ADE
SMM4H2022faVpkk1TiM53ZhnR	ADE
SMM4H20220dDMEZyjlVgUvfEc	ADE
SMM4H20220dfKfeG9SbXFzjMn	ADE
SMM4H2022qQ6UeNNaVgiN6wQ4	ADE
SMM4H2022XbM5a4xKcOtyLOAR	ADE
SMM4H2022XbM5a4xKcOtyLOAR	ADE
SMM4H2022RQvgCnlNbRkeEBBJ	ADE
SMM4H2022RQvgCnlNbRkeEBBJ	ADE
SMM4H2022TGcBnnxXonym8uh9	ADE
SMM4H2022TGcBnnxXonym8uh9	ADE
SMM4H2022TGcBnnxXonym8uh9	ADE
SMM4H20228hPSjBXAWIrU4IB0	ADE
SMM4H2022uKZWqeRLMXETBN85	ADE
SMM4H2022uKZWqeRLMXETBN85	ADE
SMM4H20225oLPZNJ3XRjJQ093	ADE
SMM4H2022bq1w5QJYB9wh3Pi9	ADE
SMM4H2022jvdxjy8gfnzvFcs7	ADE
SMM4H2022ArI0KRslzHkUi1Gz	ADE
SMM4H2022yuU68mIeNJUO3Drm	ADE
SMM4H2022Mw6edfmwXYdweLoQ	ADE
SMM4H2022iDdsG0ldqjedpC68	ADE
SMM4H2022iDdsG0ldqjedpC68	ADE
SMM4H202261V6dGOokW8Cgdxe	ADE
SMM4H2022ZHmeK9S7PyMWHAt4	ADE
SMM4H2022026SZ7XhF4Ucs3sx	ADE
SMM4H2022mgFGNcp1EWfqRHXL	ADE
SMM4H2022mgFGNcp1EWfqRHXL	ADE
SMM4H2022tSjYN8SLoPuqHBYW	ADE
SMM4H2022kaGXtmlkGxZRanK7	ADE
SMM4H2022kaGXtmlkGxZRanK7	ADE
SMM4H2022kaGXtmlkGxZRanK7	ADE
SMM4H2022SaArkzrtkOceimKp	ADE
SMM4H2022iD50rHr1WVpMtQKW	ADE
SMM4H2022f1LzZxlNvXdROvNs	ADE
SMM4H2022f1LzZxlNvXdROvNs	ADE
SMM4H2022YiDLcmgGiTGLPo8C	ADE
SMM4H2022YiDLcmgGiTGLPo8C	ADE
SMM4H2022NaTKaMbeEJTjrHo7	ADE
SMM4H2022AISw5FPG7eNSLWCQ	ADE
SMM4H2022NY00eM2bePjHHvc9	ADE
SMM4H2022Jik0GSJ7wR3DJsdv	ADE
SMM4H2022ebO1FHbDW6eebSSb	ADE
SMM4H2022d5mqh9phDSUzw4pu	ADE
SMM4H2022WZvl4j7gwnjbwKkk	ADE
SMM4H2022bOKYZdrMSpsPftQ3	ADE
SMM4H2022Q3FszMOmOWIZJF9o	ADE
SMM4H2022jIjl2W6ZcejhZdl2	ADE
SMM4H2022DBzMpWhanwGpJHQx	ADE
SMM4H2022iQrbsjDDBVBv7sy2	ADE
SMM4H2022AxyGvNdOjcYHyBXE	ADE
SMM4H2022qaEwlUxMC6ox2vHf	ADE
SMM4H2022qaEwlUxMC6ox2vHf	ADE
SMM4H2022qaEwlUxMC6ox2vHf	ADE
SMM4H2022z9HJDgPTdgxzbUXX	ADE
SMM4H20224jO923GQofboUsf7	ADE
SMM4H2022K1J7ItCizy9yV2nl	ADE
SMM4H2022K1J7ItCizy9yV2nl	ADE
SMM4H2022K1J7ItCizy9yV2nl	ADE
SMM4H20223ipWqRbDRdHhcSnj	ADE
SMM4H2022r9ll4nGB7JyXPCm5	ADE
SMM4H2022BKBjUK5fNGBn1XCe	ADE
SMM4H2022GZ9yzUmZTVlgvwsG	ADE
SMM4H2022kMCohK9cjQSV3DBq	ADE
SMM4H2022QBVMCBS1YI4zh0Ak	ADE
SMM4H2022w94chlbBeq1HdKnw	ADE
SMM4H2022JfR594ndK5li8Bfh	ADE
SMM4H2022RiJGRe3sEmj1TTpI	ADE
SMM4H2022RiJGRe3sEmj1TTpI	ADE
SMM4H2022RiJGRe3sEmj1TTpI	ADE
SMM4H2022F52SnXWLUpdWI1nZ	ADE
SMM4H2022evwJugwG2RORCf3h	ADE
SMM4H2022hBrH2iwKNxl7MN4w	ADE
SMM4H2022CDVNNzv2toAxQTPF	ADE
SMM4H2022tjKBS4tQmdmwkXGL	ADE
SMM4H2022tjKBS4tQmdmwkXGL	ADE
SMM4H2022YFUmje0I8hWugWti	ADE
SMM4H2022KTAe5mD0rUvQP1Jb	ADE
SMM4H2022ZYhLBNrsP5sGlCln	ADE
SMM4H2022S66FLo8YkOFIVZYy	ADE
SMM4H2022uoJTmfoeMzucpG4v	ADE
SMM4H2022YUoGmCW0BdyGqLOV	ADE
SMM4H20226iva4Q88YGihapzq	ADE
SMM4H2022d9yTJsX8gobuZrS8	ADE
SMM4H2022uNx44Ldc4GPqwFfj	ADE
SMM4H2022K7M117S89q1epBu9	ADE
SMM4H2022Xqt51rsD5To0guVR	ADE
SMM4H2022WvvdIzdX8s1fXXAY	ADE
SMM4H2022N2nBHvaxzvaRH3sE	ADE
SMM4H2022EUme5V40bCjNwXQs	ADE
SMM4H2022RcfjoH2n1y5nQgQK	ADE
SMM4H2022Px6dpTiRIvEMCMTh	ADE
SMM4H2022Px6dpTiRIvEMCMTh	ADE
SMM4H2022Px6dpTiRIvEMCMTh	ADE
SMM4H2022dH0MuYdGXlzGoNmV	ADE
SMM4H2022fltJFawztgVVZfHZ	ADE
SMM4H2022e3ajkHU6zmOTSwz7	ADE
SMM4H2022e3ajkHU6zmOTSwz7	ADE
SMM4H2022ZJXEf24kqLroAm1V	ADE
SMM4H20224diqRqsirsSUfzB3	ADE
SMM4H2022RDKg1ycsCd9mDBqD	ADE
SMM4H2022lJhCvFpzJdfjyGxY	ADE
SMM4H2022EcMopaUskEOrQNrH	ADE
SMM4H2022lCwoLt8RcrJT61MF	ADE
SMM4H2022uZUoPLmZ4z7alMyy	ADE
SMM4H2022Qc1Sd6yvALU3esmm	ADE
SMM4H2022KdJL8L5n7VOxngY5	ADE
SMM4H2022Vq4leJUPRbrXgwqP	ADE
SMM4H2022Vq4leJUPRbrXgwqP	ADE
SMM4H2022x06jwmDDK1KxxIfi	ADE
SMM4H20224iRCYpvPZs5jzLa3	ADE
SMM4H2022FR6SRweggulsGGUC	ADE
SMM4H2022Y0y2uFBnP0LJAOnB	ADE
SMM4H2022Y0y2uFBnP0LJAOnB	ADE
SMM4H2022rs505ZKXzzrUvWk1	ADE
SMM4H2022rs505ZKXzzrUvWk1	ADE
SMM4H2022s5a2Mh8nEX60HnoV	ADE
SMM4H2022WBCS85MOF3kCCb2v	ADE
SMM4H20227AKzeH1RIC1HJ7ns	ADE
SMM4H202218Ks3Hvkf6tFTEOP	ADE
SMM4H2022pYvyOEuusmYNnr7j	ADE
SMM4H20229S31NL9uSi5NdUFw	ADE
SMM4H2022BcaZI7kIvjFE9TVv	ADE
SMM4H2022CGf8dh5FnnqMX79z	ADE
SMM4H2022CGf8dh5FnnqMX79z	ADE
SMM4H2022jfYCUrA3tVdS8z6k	ADE
SMM4H2022jfYCUrA3tVdS8z6k	ADE
SMM4H2022aLBQCFDBzsIek3uw	ADE
SMM4H2022ski3UPKkd8cRXajE	ADE
SMM4H2022ski3UPKkd8cRXajE	ADE
SMM4H2022WN8WOFJaLxxW8SUg	ADE
SMM4H2022WN8WOFJaLxxW8SUg	ADE
SMM4H2022WN8WOFJaLxxW8SUg	ADE
SMM4H2022Z8kHsC8x1sNXHvSu	ADE
SMM4H2022FlQ397mvECsetNOY	ADE
SMM4H2022HS1ymDqy2sdnIhpR	ADE
SMM4H2022PrO16ldD1CCOJeYD	ADE
SMM4H2022PrO16ldD1CCOJeYD	ADE
SMM4H2022PrO16ldD1CCOJeYD	ADE
SMM4H2022sfLZPMg0kI0iBQcv	ADE
SMM4H2022lqrn9tnVxOl6Ezm9	ADE
SMM4H20228gbwSGAA8zmlzUpd	ADE
SMM4H2022hjgPywhgQ5RjDihJ	ADE
SMM4H2022zdHfOCuUZ8xNZE3d	ADE
SMM4H2022KM1gRXzT90rJ3PeR	ADE
SMM4H20229WuqInJCgwIQpXVS	ADE
SMM4H2022YtLZ5kwcwoMag8pu	ADE
SMM4H20225R3a5KbnnzsYZTLf	ADE
SMM4H2022V25EC9yTvBKDQVxQ	ADE
SMM4H2022TfrrM5bn0xrqHXD0	ADE
SMM4H2022FgOnUazfqOff2M3Q	ADE
SMM4H2022FgOnUazfqOff2M3Q	ADE
SMM4H2022mdCI8klzocUgF7A2	ADE
SMM4H2022mdCI8klzocUgF7A2	ADE
SMM4H2022LZUrNYRVwKX0avle	ADE
SMM4H2022KfyLfKdiRJh8vXSp	ADE
SMM4H2022GNq4yASWR8S5Fnk1	ADE
SMM4H2022TOiEuGgQgaXOtxZl	ADE
SMM4H2022QPGrOARjLDSMGw7i	ADE
SMM4H2022mJ4CxijIAD9p3l61	ADE
SMM4H2022B05EzPri5d54tRod	ADE
SMM4H2022VcdSQXOnu2fkS9JY	ADE
SMM4H2022H91nFP4YhLWrNwGH	ADE
SMM4H2022JpSY3EIPwyKwxS1p	ADE
SMM4H2022xHRCRnJ6coxH5YVO	ADE
SMM4H2022vtkziIxdE9BXSahP	ADE
SMM4H2022fvUcgfmx3xrZqhfY	ADE
SMM4H2022tihPYZxb9cXtT5eU	ADE
SMM4H2022NyUtmQmZFamhi2RB	ADE
SMM4H2022yI9DUJZxPvwEoOJd	ADE
SMM4H2022OwG7MUasOKW7rtB6	ADE
SMM4H2022OwG7MUasOKW7rtB6	ADE
SMM4H2022KdiICiT7Mpxn90sK	ADE
SMM4H2022nsS6g0xwQgp22EDJ	ADE
SMM4H2022HxjU4ub02DE68NxW	ADE
SMM4H2022ipE3cvieTtrEDDu8	ADE
SMM4H2022LwxSAcT0DlZsY18w	ADE
SMM4H2022ddj1kakcfxb3zlbf	ADE
SMM4H20223LOm3jkf3Eu7Pnr5	ADE
SMM4H202286NZCiKqkz8UFobu	ADE
SMM4H2022KrHfS7C1mmwfwMy0	ADE
SMM4H2022YJiUJq6biJVzVbpB	ADE
SMM4H2022aQXwpbAo4fVNCd5V	ADE
SMM4H2022aQXwpbAo4fVNCd5V	ADE
SMM4H2022tcpxXpqackBf7PJa	ADE
SMM4H2022DFGGjwDtWyvNdmtx	ADE
SMM4H2022DFGGjwDtWyvNdmtx	ADE
SMM4H2022M9SOzfH1VHGUXDm2	ADE
SMM4H2022t5HMwnbdzjc6xwXH	ADE
SMM4H2022T7JiNZtUzFSiCsbC	ADE
SMM4H2022T7JiNZtUzFSiCsbC	ADE
SMM4H2022HCggi4cYBkIj59IQ	ADE
SMM4H2022WHqHTZzUMPYdbOMS	ADE
SMM4H2022WHqHTZzUMPYdbOMS	ADE
SMM4H2022gQqazdBJYRbAEOqa	ADE
SMM4H2022LEKvhuoxBebIvQVd	ADE
SMM4H2022JsQw6WTPZ8raZ1py	ADE
SMM4H2022zNx1WaJOR2QAdlgm	ADE
SMM4H2022KuRntzhEdHHsqcRx	ADE
SMM4H2022kCPUJRTGipJVCPxa	ADE
SMM4H2022eIHMuI1G3bS5NhjR	ADE
SMM4H2022VY1FqbCmGph74pFs	ADE
SMM4H20221Pkw2fWoCND2SWqY	ADE
SMM4H2022ZBToalJoc8YZCwSW	ADE
SMM4H2022WEfwh08DsES1s2L6	ADE
SMM4H2022WEfwh08DsES1s2L6	ADE
SMM4H2022IcGRdoyQMvmaqMwq	ADE
SMM4H2022Wtc9oFnorbcktBHN	ADE
SMM4H2022fc8Vpu4K4ehdzLWL	ADE
SMM4H2022iYb75Hq3yiD2K6f5	ADE
SMM4H2022NfhhyDj3yuBP0zKL	ADE
SMM4H2022cWpFjic7I2jqfCmn	ADE
SMM4H2022daTAxCRnVMBBJtPu	ADE
SMM4H2022daTAxCRnVMBBJtPu	ADE
SMM4H20220uMbElqOtjP9u2vf	ADE
SMM4H2022Z49Nz3dy2kb2BDzG	ADE
SMM4H2022B1nsRcPchyeubmou	ADE
SMM4H2022DDuEwHTmsgaKthXe	ADE
SMM4H2022c0kmcUh8CQImSTfy	ADE
SMM4H2022Z3yY0j611j5FE0AZ	ADE
SMM4H2022Z3yY0j611j5FE0AZ	ADE
SMM4H2022G9hTY5lVfXwTPSsm	ADE
SMM4H2022045ixJVIRFBKm01D	ADE
SMM4H2022IlSQloT3agmisTUq	ADE
SMM4H2022S81Pz3zXHoezlVZf	ADE
SMM4H2022r7xn9RFshY8QAuch	ADE
SMM4H2022oHbL7NVXoidxeAX9	ADE
SMM4H2022XiZW64EWw6tRUuYt	ADE
SMM4H2022lcIt2aBUrQc0RZQe	ADE
SMM4H2022stJmBbeihurmfN1B	ADE
SMM4H2022Dp6auoulBg7P5Xbj	ADE
SMM4H2022IxcoacFnheUtJuPQ	ADE
SMM4H2022IxcoacFnheUtJuPQ	ADE
SMM4H2022XFpkkSfGvy2aZqmg	ADE
SMM4H2022sXHYl8DHmOrlmSAR	ADE
SMM4H2022FGJq8RSUg3vz0cKI	ADE
SMM4H2022JaGANrleXz3ZWoRH	ADE
SMM4H2022EdeuGU47chmn7v3M	ADE
SMM4H202261HBeAkN6Y8VyE2c	ADE
SMM4H2022oO0Sijb2XA5lWXOU	ADE
SMM4H2022LIyWAaX9qw2hgLcW	ADE
SMM4H20223M1x1TysCKaBkdq2	ADE
SMM4H2022k1DZdlXmiEpwXpwR	ADE
SMM4H202229Qm3Zb6sn6LMFMt	ADE
SMM4H20225zss8QdpBoLrYTBf	ADE
SMM4H202213408dCeaTzLPhOj	ADE
SMM4H2022PEoWogfskss0b8XR	ADE
SMM4H2022ztuQuD1AXstV6CAz	ADE
SMM4H2022QfTuCCV9YO0xCxds	ADE
SMM4H2022MkG7H41a2IGHPirv	ADE
SMM4H2022MkG7H41a2IGHPirv	ADE
SMM4H2022s7ohJwgGMsjP3XNH	ADE
SMM4H2022KFdH4MvApSJMWyxq	ADE
SMM4H2022ambLumNfeICsI0mJ	ADE
SMM4H2022ambLumNfeICsI0mJ	ADE
SMM4H2022nijIhNIpAFwzFAv3	ADE
SMM4H2022nijIhNIpAFwzFAv3	ADE
SMM4H2022YyA558qZJsPKe9VX	ADE
SMM4H2022DPqGpuhwzUdNZUwv	ADE
SMM4H2022DPqGpuhwzUdNZUwv	ADE
SMM4H2022DPqGpuhwzUdNZUwv	ADE
SMM4H20223jS3KdGJaOilYt8O	ADE
SMM4H20223jS3KdGJaOilYt8O	ADE
SMM4H20223jS3KdGJaOilYt8O	ADE
SMM4H20223jS3KdGJaOilYt8O	ADE
SMM4H2022fpXhjoMDNgFjJaMf	ADE
SMM4H2022fpXhjoMDNgFjJaMf	ADE
SMM4H20227N1WTUzi0qBS2bez	ADE
SMM4H2022EPupi6i1X8CNi0tA	ADE
SMM4H2022EPupi6i1X8CNi0tA	ADE
SMM4H2022EPupi6i1X8CNi0tA	ADE
SMM4H2022wggvt2gUvVIy70gA	ADE
SMM4H2022nrGyzVzIqx3zgFqh	ADE
SMM4H2022nrGyzVzIqx3zgFqh	ADE
SMM4H2022nrGyzVzIqx3zgFqh	ADE
SMM4H2022nrGyzVzIqx3zgFqh	ADE
SMM4H2022nrGyzVzIqx3zgFqh	ADE
SMM4H2022YzyTCaEQzziz2CdG	ADE
SMM4H2022YzyTCaEQzziz2CdG	ADE
SMM4H20224A5CPowzVLFB6Hvv	ADE
SMM4H20224A5CPowzVLFB6Hvv	ADE
SMM4H2022SJO8iF9T6V51QZFz	ADE
SMM4H2022SJO8iF9T6V51QZFz	ADE
SMM4H2022oXsYJWe6BQ1kuL51	ADE
SMM4H2022gi5tcU4qn3W0SdFr	ADE
SMM4H2022Or9jgr8XUuXj1I6X	ADE
SMM4H2022NavwE4i8MvphT2zS	ADE
SMM4H2022zi9GrkYr64Fdy2TV	ADE
SMM4H2022vdqraRTnsgiLjXha	ADE
SMM4H2022RuwGBnCw8A9Qkivf	ADE
SMM4H2022skOSymA7dGxnYVvz	ADE
SMM4H2022yRFu3djBLNzFvhSW	ADE
SMM4H2022JqeO9nelX5howdLp	ADE
SMM4H2022Tmkk3RqdntWStCpo	ADE
SMM4H2022GZpMVAiVnMsziMTC	ADE
SMM4H2022VNNlCq6EaN28nN3I	ADE
SMM4H2022VNNlCq6EaN28nN3I	ADE
SMM4H2022j3pS5N62fLiAsK9B	ADE
SMM4H2022rF4krxCOOqitELPB	ADE
SMM4H2022khRqmSBm1x0zzpTU	ADE
SMM4H2022q3eSrt1AGNzPAcJi	ADE
SMM4H2022KrTbh87wVXvginXn	ADE
SMM4H2022nA7q0dLdUfaIPwk7	ADE
SMM4H2022nA7q0dLdUfaIPwk7	ADE
SMM4H2022jrsb6ZqcQGhmxU3W	ADE
SMM4H2022yOwhoDLi0wsOIYPE	ADE
SMM4H2022yOwhoDLi0wsOIYPE	ADE
SMM4H2022m0TO0zvUYWJUTdTU	ADE
SMM4H2022q8tCDErrIJsAyg0s	ADE
SMM4H2022QPuM2kG7U5kxNwEN	ADE
SMM4H2022YYRqRaz9C2bVa8hY	ADE
SMM4H2022KKCb3OiuoRa2zmtI	ADE
SMM4H2022rBPlI4E9P8hP9GAO	ADE
SMM4H2022TLL9CxHUC5DD6vpF	ADE
SMM4H2022TLL9CxHUC5DD6vpF	ADE
SMM4H2022XnSkGBvJGhjWTgYd	ADE
SMM4H2022AjoygCcLmKBmXebQ	ADE
SMM4H2022hjCIaInO1v4052Lp	ADE
SMM4H2022YcdfnJGyPZn7AcVm	ADE
SMM4H2022PLMIA67gAwxCLNA1	ADE
SMM4H2022PLMIA67gAwxCLNA1	ADE
SMM4H2022PLMIA67gAwxCLNA1	ADE
SMM4H2022MbvcCUxWvoyleQaU	ADE
SMM4H2022daQeZzbcMjcexnyC	ADE
SMM4H2022daQeZzbcMjcexnyC	ADE
SMM4H2022mKwaYWUJunEv3X7w	ADE
SMM4H2022mKwaYWUJunEv3X7w	ADE
SMM4H2022kUINyTKKW5IHjXi2	ADE
SMM4H2022vRpEgLzWNNt1gUca	ADE
SMM4H2022iPF1JplADQHBrhpp	ADE
SMM4H2022fMoIBgU8rmrJEBXf	ADE
SMM4H20225EszuCz7Ge3JZ8dZ	ADE
SMM4H20225EszuCz7Ge3JZ8dZ	ADE
SMM4H20225EszuCz7Ge3JZ8dZ	ADE
SMM4H2022Teu9BEjWFcGMWc71	ADE
SMM4H2022Teu9BEjWFcGMWc71	ADE
SMM4H2022Teu9BEjWFcGMWc71	ADE
SMM4H2022Teu9BEjWFcGMWc71	ADE
SMM4H20221Ha2fxuSoXds6CTY	ADE
SMM4H2022EfOcf7ganPtNJPnO	ADE
SMM4H2022CZ0vhRFB7wK9cR2O	ADE
SMM4H2022TgroKTVtGR8Px8nv	ADE
SMM4H2022iUSFJnezbQN13ueR	ADE
SMM4H2022wPMIyCpempFLU5ix	ADE
SMM4H2022wCoH6i5yOSyfoAUi	ADE
SMM4H2022X0a8U2E3OMQc0D9Q	ADE
SMM4H2022fPkoyBXYrm9WR5aa	ADE
SMM4H2022dYwhqlVvgLCWHYAv	ADE
SMM4H20221AIAkzjYesML9oxa	ADE
SMM4H20221AIAkzjYesML9oxa	ADE
SMM4H2022OD9yfVzcIdGulwIt	ADE
SMM4H2022bKtlaZJzAkt7UTeh	ADE
SMM4H2022qCRXHqveTwPGzQdF	ADE
SMM4H2022sUOcaepIX81UlPpb	ADE
SMM4H2022j3fxJAy7fvjceMsp	ADE
SMM4H20225YeYaUbt5EEe15qw	ADE
SMM4H20228ew7FnlYi4Ak3rYc	ADE
SMM4H2022LgMhq32RMdSDUHh1	ADE
SMM4H2022zj1GcH2Z3RV3FgDR	ADE
SMM4H2022vW1xlFNOyoAUSs8F	ADE
SMM4H20225PIDVjVlPuAgb0yO	ADE
SMM4H2022qQ9NYPa25hLeBcpj	ADE
SMM4H2022wdATosmn1kSYOSYv	ADE
SMM4H2022T19FMJboG05HDh0f	ADE
SMM4H20226cGjgXKpowhEXycG	ADE
SMM4H2022aMZNe4FxTbNzIpVa	ADE
SMM4H2022aMZNe4FxTbNzIpVa	ADE
SMM4H2022aMZNe4FxTbNzIpVa	ADE
SMM4H20221NX6sl37Vu6nYPi8	ADE
SMM4H20221NX6sl37Vu6nYPi8	ADE
SMM4H2022UVY8my5k6LtRbxiN	ADE
SMM4H2022Qib8etkv00HpXaIH	ADE
SMM4H2022bty3jnI4yJxPfZ9v	ADE
SMM4H2022Rkshk7nW6ynXkN2b	ADE
SMM4H2022chL2wIC2MuWKcbLF	ADE
SMM4H2022FkcdAxQhZRs7FCXn	ADE
SMM4H2022VhjLDJBJQ76kRp2e	ADE
SMM4H2022Il7pE0pKG3vsHpCI	ADE
SMM4H20228CMJoNMpGYZTFKiJ	ADE
SMM4H20222K1HcxZsJ8ngl2O9	ADE
SMM4H20222K1HcxZsJ8ngl2O9	ADE
SMM4H20222K1HcxZsJ8ngl2O9	ADE
SMM4H20222K1HcxZsJ8ngl2O9	ADE
SMM4H20222K1HcxZsJ8ngl2O9	ADE
SMM4H20222K1HcxZsJ8ngl2O9	ADE
SMM4H2022Js3dZkGO8MtYmq4u	ADE
SMM4H2022H3clDkM0CmW5kASH	ADE
SMM4H2022H3clDkM0CmW5kASH	ADE
SMM4H2022H3clDkM0CmW5kASH	ADE
SMM4H2022CFTKPwkGOCzce0fM	ADE
SMM4H2022eQJn6aRcumGJCmZP	ADE
SMM4H2022eQJn6aRcumGJCmZP	ADE
SMM4H2022u3SlhKzH2rS0K4xu	ADE
SMM4H2022F4agdHZnGPejFKPF	ADE
SMM4H20225YUjfb2XIeBG4jGG	ADE
SMM4H2022esCCTEmMFzpEr9hU	ADE
SMM4H2022ETnuVpYOVD3Nbx13	ADE
SMM4H20228m2ccFeAzreXdCDn	ADE
SMM4H2022tPSI0xBeJ7wdVuHX	ADE
SMM4H2022mmiD01E3LuqWZgVd	ADE
SMM4H2022KZjjec0xf5VaPrYt	ADE
SMM4H2022KZjjec0xf5VaPrYt	ADE
SMM4H2022MQuenQcSVHOfdSLv	ADE
SMM4H2022PVwtY0F4fg0eEeh1	ADE
SMM4H20221eT3J6rJ2oqXXGX9	ADE
SMM4H20220rChjGmP6hSFpK2V	ADE
SMM4H20220rChjGmP6hSFpK2V	ADE
SMM4H2022gpxH8etHi2e0F11l	ADE
SMM4H2022XpK6oAzKG96IhI5r	ADE
SMM4H20227MmLZtJE5FWPENMh	ADE
SMM4H2022ONOZGurpLXFzAVEk	ADE
SMM4H2022ONOZGurpLXFzAVEk	ADE
SMM4H2022ONOZGurpLXFzAVEk	ADE
SMM4H2022e6NHOFIPRmPJ0Rea	ADE
SMM4H2022e6NHOFIPRmPJ0Rea	ADE
SMM4H2022mDKg3W12hi5cN43S	ADE
SMM4H2022EAcyijCLPfG02nH9	ADE
SMM4H2022CZyPQmDl9PRGfUst	ADE
SMM4H20227XjAnbKOtw7hpWOK	ADE
SMM4H20227XjAnbKOtw7hpWOK	ADE
SMM4H20227XjAnbKOtw7hpWOK	ADE
SMM4H20227XjAnbKOtw7hpWOK	ADE
SMM4H20227XjAnbKOtw7hpWOK	ADE
SMM4H20227XjAnbKOtw7hpWOK	ADE
SMM4H2022p7maR5thpAgocf9Q	ADE
SMM4H2022Ca8G4xpiVhlXVxwz	ADE
SMM4H2022T4hmzV336tvPolbG	ADE
SMM4H2022PRroZTQ1EI1qVPqa	ADE
SMM4H2022JkSZ55sNxsDAGqwj	ADE
SMM4H2022zobwhkD32zx8iTJV	ADE
SMM4H202273Pk14iOkyxPd6UL	ADE
SMM4H202273Pk14iOkyxPd6UL	ADE
SMM4H2022tP4gLVWmlBdAEGLI	ADE
SMM4H2022dXyHpYXMkGIjL5uJ	ADE
SMM4H2022lacusSLxLO1ipHIZ	ADE
SMM4H20226oDjeuRpyPJAjoSF	ADE
SMM4H20226ozTP9rD1MOl1I7y	ADE
SMM4H2022UKLZpQz3lbhUNjEA	ADE
SMM4H2022UKLZpQz3lbhUNjEA	ADE
SMM4H2022FRbsK8jPN42JGdoG	ADE
SMM4H2022bsI3F5VF8xeoDgu8	ADE
SMM4H2022K7GLg9he20TedqUS	ADE
SMM4H2022GwzUi7DqYO7gOWe5	ADE
SMM4H2022THAxFCgLcffkZVUG	ADE
SMM4H2022Pvxy43KlnUc0DWhe	ADE
SMM4H2022HTfyhYjscvwFUOqF	ADE
SMM4H2022O500uvOMPL6a3hQK	ADE
SMM4H2022hRE6DPsUU1w91r0D	ADE
SMM4H2022R13HRkvLOVsPzhSe	ADE
SMM4H2022XdVkANohiUOAX8AM	ADE
SMM4H2022Rlrxu5c7Meh58JSm	ADE
SMM4H2022HnFUnhmfKhebPmZw	ADE
SMM4H2022AeTEjLIgNmfryK0E	ADE
SMM4H2022TnqyZ6TdfCgoioYR	ADE
SMM4H2022YuGbgHKQTLCJkM3l	ADE
SMM4H2022IQuKNDp1pOwpsS24	ADE
SMM4H2022XVZWIrVqYfwgXw0m	ADE
SMM4H2022kPVAroNA8L6y5RiI	ADE
SMM4H2022kPVAroNA8L6y5RiI	ADE
SMM4H2022DgHACvicqXyA27wJ	ADE
SMM4H2022qHkBZshlEbdpWpvJ	ADE
SMM4H2022qHkBZshlEbdpWpvJ	ADE
SMM4H2022G4H5LLMZhNist6MP	ADE
SMM4H20221wS7Ep5on5QXmx1I	ADE
SMM4H20221wS7Ep5on5QXmx1I	ADE
SMM4H2022Nf2H68nCW2xDqhI8	ADE
SMM4H2022as6jYJCaHL2nWJBo	ADE
SMM4H2022gxSFyPApwtAC7OsE	ADE
SMM4H2022gxSFyPApwtAC7OsE	ADE
SMM4H2022bn6wApfGLg8t0TxR	ADE
SMM4H2022bn6wApfGLg8t0TxR	ADE
SMM4H20223Wb9fxJtERAoqPgO	ADE
SMM4H2022DMGWSlb910jUXFNi	ADE
SMM4H20226ZIA6zS08J0evBPl	ADE
SMM4H20221F3w5Y1bm64YV0oh	ADE
SMM4H2022kO8zpNmbiD2MG4to	ADE
SMM4H2022TNeFRsaMJOPjtZrl	ADE
SMM4H2022SYjXVO1LBLb3PHLg	ADE
SMM4H2022E0YksMiaHG6t7JtL	ADE
SMM4H2022xtNM7TYmsKTlxm5V	ADE
SMM4H2022tMsc3pzhzOz0hdAB	ADE
SMM4H2022zUHOXJFlu711PDsj	ADE
SMM4H20229vWdMJ5IePxgWTNZ	ADE
SMM4H2022wInAPM8uK17QpKn6	ADE
SMM4H20220EQd5qRy7WZRUW7N	ADE
SMM4H2022OFaKwvo3emmoSmlF	ADE
SMM4H20222FM0257F0CQC3nxc	ADE
SMM4H2022EwKViE7kRXOFnyME	ADE
SMM4H2022bzwqYu9BFRE9aYAX	ADE
SMM4H2022suo5pk4g08KjKUqs	ADE
SMM4H2022m0OqUf9c2t1BcWGt	ADE
SMM4H20225fLwuA6vLgDCZS5f	ADE
SMM4H2022cOEhi1XpZI5Tebeo	ADE
SMM4H20222vNYnhWrqHZ6vcjU	ADE
SMM4H2022kisKujNQhtaj6YFX	ADE
SMM4H2022s4907Sz2oKYwcgo9	ADE
SMM4H20229DOwRSqpdTLvXk6d	ADE
SMM4H2022fG7tXScMneSdffVl	ADE
SMM4H2022WNkxjaFCidTxtIiF	ADE
SMM4H2022nQ3Co3YwPEEa1cxv	ADE
SMM4H2022ZigEFK8ZpZfG4GaD	ADE
SMM4H20226xDtMe1EgZssZXtX	ADE
SMM4H2022fOKTaxvkIxIbd9zF	ADE
SMM4H2022fOKTaxvkIxIbd9zF	ADE
SMM4H2022rBwh607JFWXCjCLC	ADE
SMM4H2022jj3EwMY39PFS9Ft5	ADE
SMM4H2022z09UaD5gR52FfQ4r	ADE
SMM4H2022xrGB8maUNBBB3lcZ	ADE
SMM4H2022xrGB8maUNBBB3lcZ	ADE
SMM4H2022IQWhswXfaJRBH5Jp	ADE
SMM4H2022ju5xMgYugBk9jPM5	ADE
SMM4H2022d32H9vrERmYcdPow	ADE
SMM4H2022m5uquu5fh3QZMD5y	ADE
SMM4H2022m5uquu5fh3QZMD5y	ADE
SMM4H2022QvOuKDi1FVpbUk7D	ADE
SMM4H2022tQpVrc0NXoHx01iQ	ADE
SMM4H2022qZCfNk7QQuwgXgY3	ADE
SMM4H2022eAWkP7OR38o8rAHV	ADE
SMM4H2022Cz3hmtZZQvfCkI3x	ADE
SMM4H2022tMfcXuvzw5u6hsaY	ADE
SMM4H2022yRxRzEGmxXQFLMff	ADE
SMM4H2022ZZCVM4HZhJeYJ7Uz	ADE
SMM4H2022OHt588NDSvEp1mMb	ADE
SMM4H2022wAw9n2Sqg2RpkVBe	ADE
SMM4H2022cOEVmAi6nDPVAKPN	ADE
SMM4H2022Q1g6i1GqY8vf8Ok9	ADE
SMM4H202227DgOvHgEURqOAMb	ADE
SMM4H2022MJnjGV2MFUj7pBhW	ADE
SMM4H2022kdstWhZv9QHzroRE	ADE
SMM4H20225GjVTkoJGNNUz7Av	ADE
SMM4H2022C4DorbVeAQZ6Kh3e	ADE
SMM4H2022hEpUmkwDcbW1l6Ce	ADE
SMM4H2022ZFgooYhqfVJ5hJGJ	ADE
SMM4H2022i0dBWigoIACNXD9O	ADE
SMM4H2022SWKvQ6fmGpHzbMLf	ADE
SMM4H2022mnfXojG2W73NmWOe	ADE
SMM4H2022bQdS9QYsSS64nfPL	ADE
SMM4H2022VFAL3BmtiJLC4KgD	ADE
SMM4H2022ZdDQ5n6cfyNirkZj	ADE
SMM4H2022iCs9m6AajoQpOuQQ	ADE
SMM4H2022KuwcXFUL10rSFz2m	ADE
SMM4H2022KuwcXFUL10rSFz2m	ADE
SMM4H2022HipFOjqWORViBKdo	ADE
SMM4H2022q1mHBUQScKjhYtz6	ADE
SMM4H2022eaCYvmZCYqlIpbI7	ADE
SMM4H2022Hj9Q5uULQp9gmUL3	ADE
SMM4H2022BMwmZ6uAtOiMe6nn	ADE
SMM4H2022ZfPkntGTjmTHbUOc	ADE
SMM4H2022otIg7pDmo1eeihoT	ADE
SMM4H2022qIgLS4th0EoyunY1	ADE
